timestamp,subcarrier_0,subcarrier_1,subcarrier_2,subcarrier_3,subcarrier_4,subcarrier_5,subcarrier_6,subcarrier_7,subcarrier_8,subcarrier_9,subcarrier_10,subcarrier_11,subcarrier_12,subcarrier_13,subcarrier_14,subcarrier_15,subcarrier_16,subcarrier_17,subcarrier_18,subcarrier_19,subcarrier_20,subcarrier_21,subcarrier_22,subcarrier_23,subcarrier_24,subcarrier_25,subcarrier_26,subcarrier_27,subcarrier_28,subcarrier_29,subcarrier_30,subcarrier_31,subcarrier_32,subcarrier_33,subcarrier_34,subcarrier_35,subcarrier_36,subcarrier_37,subcarrier_38,subcarrier_39,subcarrier_40,subcarrier_41,subcarrier_42,subcarrier_43,subcarrier_44,subcarrier_45,subcarrier_46,subcarrier_47,subcarrier_48,subcarrier_49,subcarrier_50,subcarrier_51,subcarrier_52,subcarrier_53,subcarrier_54,subcarrier_55,subcarrier_56,subcarrier_57,subcarrier_58,subcarrier_59,subcarrier_60,subcarrier_61,subcarrier_62,subcarrier_63
2025-05-20 13:57:51.215891,(22+25j),(-2452+295j),(-2378+803j),(-2186+1288j),(-1838+1678j),(-1398+1934j),(-923+2049j),(-451+1997j),(-18+1835j),(325+1554j),(544+1187j),(628+789j),(577+414j),(414+94j),(156-136j),(-153-254j),(-466-248j),(-743-133j),(-955+69j),(-1087+328j),(-1116+613j),(-1076+911j),(-896+1134j),(-665+1291j),(-411+1384j),(-149+1378j),(83+1307j),(261+1177j),(372+1010j),(1-7j),(-9-5j),(-6-3j),(18469+0j),(-12288-32640j),(1152+0j),(-2-8j),(619-206j),(-582+229j),(-526+222j),(-461+171j),(-434+79j),(-468-22j),(-564-94j),(-681-100j),(-823-49j),(-931+71j),(-987+236j),(-975+429j),(-878+614j),(-714+751j),(-507+823j),(-280+814j),(-63+734j),(134+581j),(279+356j),(347+72j),(319-239j),(167-541j),(-48-813j),(-374-1022j),(-781-1126j),(-1226-1095j),(-1654-916j),(-2034-622j)
2025-05-20 13:57:52.197538,(22+29j),(-2466+173j),(-2436+743j),(-2215+1270j),(-1839+1707j),(-1355+1991j),(-823+2097j),(-298+2054j),(153+1840j),(491+1524j),(693+1124j),(734+706j),(630+327j),(411+38j),(114-128j),(-213-175j),(-510-75j),(-735+131j),(-866+401j),(-882+699j),(-791+990j),(-611+1245j),(-340+1411j),(-40+1464j),(254+1415j),(514+1297j),(719+1105j),(826+835j),(827+555j),(-6-15j),(-9-1j),(-9+4j),(18469+0j),(-12288-32640j),(1152+0j),(-3-6j),(501+278j),(-566-219j),(-570-155j),(-489-132j),(-404-178j),(-380-265j),(-424-365j),(-532-425j),(-672-432j),(-826-370j),(-952-237j),(-1035-46j),(-1021+178j),(-922+380j),(-758+540j),(-536+630j),(-291+636j),(-47+548j),(155+375j),(300+122j),(348-187j),(280-505j),(91-822j),(-215-1086j),(-621-1248j),(-1097-1271j),(-1565-1115j),(-1988-814j)
2025-05-20 13:57:52.540469,(-21-9j),(2384-602j),(2086-1409j),(1497-2049j),(698-2378j),(-146-2378j),(-891-2043j),(-1397-1481j),(-1638-806j),(-1560-170j),(-1251+322j),(-808+582j),(-347+595j),(5+396j),(166+64j),(119-286j),(-125-528j),(-484-601j),(-856-478j),(-1138-167j),(-1264+260j),(-1206+721j),(-929+1124j),(-528+1379j),(-70+1454j),(382+1354j),(739+1100j),(932+727j),(949+344j),(-10-3j),(-7+9j),(-8+6j),(18469+0j),(-12288-32640j),(1152+0j),(-3-6j),(419+336j),(-512-243j),(-539-134j),(-479-73j),(-432-87j),(-472-131j),(-585-129j),(-718-19j),(-822+181j),(-833+454j),(-713+742j),(-468+963j),(-134+1063j),(229+1014j),(524+816j),(694+505j),(717+162j),(567-135j),(295-320j),(-48-346j),(-367-184j),(-575+155j),(-597+587j),(-399+1039j),(29+1399j),(642+1544j),(1310+1393j),(1919+946j)
2025-05-20 13:57:52.868272,(45+18j),(-2346+609j),(-2359+821j),(-2317+995j),(-2193+1140j),(-2024+1243j),(-1807+1291j),(-1555+1308j),(-1307+1271j),(-1038+1179j),(-765+1039j),(-502+857j),(-261+638j),(-53+396j),(113+138j),(255-131j),(337-393j),(381-649j),(396-871j),(380-1062j),(342-1227j),(263-1353j),(192-1430j),(106-1471j),(27-1448j),(-47-1391j),(-94-1313j),(-133-1162j),(-145-986j),(-3-6j),(4+9j),(2+8j),(18469+0j),(-12288-32640j),(1152+0j),(-1+0j),(-300+489j),(334-497j),(366-463j),(372-343j),(403-195j),(471-46j),(567+87j),(667+185j),(779+248j),(874+285j),(959+280j),(1021+244j),(1037+180j),(1015+97j),(947+23j),(839-60j),(701-138j),(536-208j),(332-275j),(88-332j),(-171-366j),(-438-366j),(-732-359j),(-1042-314j),(-1359-235j),(-1648-110j),(-1889+50j),(-2101+212j)
2025-05-20 13:57:53.198873,(-34+14j),(-91-2470j),(-831-2391j),(-1494-2076j),(-1998-1530j),(-2269-862j),(-2263-170j),(-2013+455j),(-1623+922j),(-1105+1178j),(-569+1201j),(-117+1027j),(184+707j),(293+332j),(210-28j),(-26-289j),(-344-390j),(-684-311j),(-953-94j),(-1111+239j),(-1116+626j),(-977+1021j),(-678+1286j),(-302+1450j),(102+1469j),(479+1336j),(764+1108j),(919+789j),(933+464j),(-13-1j),(-7+4j),(-6+4j),(18469+0j),(-12288-32640j),(1152+0j),(1+1j),(-395-432j),(478+376j),(506+294j),(454+238j),(392+239j),(382+311j),(455+383j),(591+392j),(771+341j),(933+181j),(1025-57j),(1010-340j),(889-608j),(657-809j),(371-894j),(72-862j),(-183-718j),(-352-475j),(-404-175j),(-304+131j),(-79+380j),(265+489j),(654+475j),(1053+267j),(1361-130j),(1511-673j),(1420-1258j),(1115-1820j)
2025-05-20 13:57:53.535912,(18-31j),(647+2421j),(938+2382j),(1224+2282j),(1457+2086j),(1633+1829j),(1722+1516j),(1749+1195j),(1678+869j),(1530+554j),(1316+287j),(1051+64j),(735-107j),(411-195j),(78-210j),(-245-173j),(-519-70j),(-755+87j),(-935+273j),(-1050+478j),(-1104+673j),(-1118+863j),(-1053+1024j),(-959+1145j),(-834+1218j),(-692+1255j),(-548+1245j),(-404+1154j),(-283+1022j),(2-11j),(-4-5j),(-9-9j),(18469+0j),(-12288-32640j),(1152+0j),(1-9j),(-163+571j),(188-588j),(213-569j),(245-473j),(318-365j),(438-286j),(568-241j),(699-250j),(809-305j),(883-376j),(928-476j),(911-576j),(850-668j),(738-733j),(599-754j),(439-728j),(261-674j),(83-559j),(-92-413j),(-263-208j),(-402+43j),(-501+324j),(-554+631j),(-558+964j),(-511+1309j),(-395+1640j),(-199+1920j),(45+2175j)
2025-05-20 13:57:53.882211,(-16+35j),(-1770-1721j),(-2299-1062j),(-2554-245j),(-2454+602j),(-2036+1320j),(-1394+1788j),(-664+2012j),(35+1866j),(580+1515j),(892+1011j),(932+474j),(738+37j),(400-212j),(15-237j),(-302-61j),(-462+265j),(-417+637j),(-185+949j),(187+1131j),(620+1125j),(1029+914j),(1351+576j),(1483+113j),(1438-360j),(1216-759j),(873-1031j),(486-1130j),(139-1061j),(2+12j),(5-1j),(4+8j),(18469+0j),(-12288-32640j),(1152+0j),(1-3j),(-161-596j),(274+569j),(349+492j),(347+398j),(301+366j),(287+412j),(364+480j),(507+497j),(711+442j),(899+270j),(1008+4j),(999-321j),(848-620j),(573-827j),(249-899j),(-67-820j),(-310-620j),(-427-334j),(-392-25j),(-200+235j),(112+375j),(470+324j),(825+106j),(1061-303j),(1103-848j),(882-1412j),(390-1867j),(-273-2124j)
2025-05-20 13:57:54.242180,(-26-16j),(2511-140j),(2565-312j),(2567-493j),(2453-648j),(2335-780j),(2117-872j),(1907-945j),(1630-964j),(1339-949j),(1033-878j),(723-773j),(427-632j),(137-456j),(-109-262j),(-348-51j),(-529+181j),(-659+398j),(-784+607j),(-834+798j),(-865+965j),(-879+1122j),(-842+1219j),(-793+1272j),(-720+1296j),(-645+1289j),(-563+1253j),(5+1j),(6-2j),(8-11j),(-5-7j),(3-8j),(18469+0j),(-12288-32640j),(1152+0j),(1-2j),(1+5j),(-4+0j),(-369+448j),(-374+313j),(-416+154j),(-500+22j),(-602-109j),(-706-212j),(-810-273j),(-896-300j),(-985-305j),(-1028-275j),(-1044-223j),(-1017-161j),(-952-88j),(-850+6j),(-716+90j),(-530+170j),(-329+257j),(-112+323j),(142+383j),(421+421j),(714+455j),(1031+456j),(1331+452j),(1657+398j),(1922+304j),(2175+187j)
2025-05-20 13:57:54.611314,(-17+18j),(1169-2200j),(1006-2353j),(792-2449j),(558-2452j),(340-2418j),(95-2277j),(-87-2114j),(-267-1861j),(-400-1583j),(-479-1268j),(-494-937j),(-465-591j),(-395-268j),(-273+35j),(-126+331j),(66+554j),(266+732j),(467+870j),(669+944j),(856+981j),(1033+990j),(1160+935j),(1232+872j),(1279+774j),(1282+673j),(1269+565j),(2-14j),(-4-1j),(-5+0j),(-8+5j),(-8+7j),(18469+0j),(-12288-32640j),(1152+0j),(-5+4j),(-3+0j),(2-6j),(-140+543j),(-186+426j),(-266+304j),(-402+229j),(-541+171j),(-682+152j),(-793+162j),(-887+203j),(-952+262j),(-978+324j),(-962+392j),(-884+449j),(-782+488j),(-638+497j),(-475+487j),(-282+443j),(-85+367j),(141+267j),(360+114j),(575-52j),(786-265j),(969-524j),(1147-782j),(1279-1077j),(1333-1380j),(1349-1683j)
2025-05-20 13:57:54.987793,(-52+26j),(-96-3120j),(-494-3113j),(-851-3004j),(-1152-2804j),(-1382-2503j),(-1527-2184j),(-1606-1827j),(-1583-1445j),(-1474-1080j),(-1295-735j),(-1028-434j),(-714-201j),(-359-56j),(4+8j),(368-20j),(695-113j),(976-285j),(1183-492j),(1321-738j),(1394-990j),(1363-1241j),(1308-1472j),(1159-1639j),(972-1734j),(774-1779j),(561-1769j),(306-1668j),(49-1490j),13j,(8+11j),7j,(18469+0j),(-12544-32640j),(1152+0j),(-7+2j),(291-807j),(-133+825j),(-1+747j),(87+537j),(87+279j),(10+21j),(-139-179j),(-319-298j),(-525-374j),(-721-375j),(-878-298j),(-975-170j),(-1008-12j),(-956+150j),(-834+282j),(-645+378j),(-409+429j),(-133+409j),(164+312j),(459+133j),(720-118j),(923-436j),(1086-803j),(1173-1224j),(1170-1672j),(1056-2105j),(848-2464j),(590-2762j)
2025-05-20 13:57:55.373919,(5+40j),(-2563-1092j),(-2856-144j),(-2763+862j),(-2273+1735j),(-1497+2328j),(-597+2548j),(263+2438j),(928+2040j),(1353+1489j),(1506+903j),(1439+397j),(1226+36j),(969-157j),(763-194j),(656-157j),(655-112j),(735-123j),(841-232j),(915-451j),(890-746j),(759-1070j),(428-1324j),(17-1464j),(-433-1428j),(-846-1236j),(-1170-923j),(-1353-554j),(-1428-174j),(13-4j),(4+0j),(-6-2j),(18469+0j),(-12800-32640j),(1152+0j),(-7+9j),(-398-1138j),(664+857j),(789+484j),(743+59j),(487-270j),(122-383j),(-219-253j),(-407+60j),(-354+405j),(-114+665j),(238+761j),(597+654j),(852+372j),(923+3j),(811-326j),(562-540j),(263-582j),(36-461j),(-61-243j),(21-9j),(254+121j),(564+82j),(864-206j),(1014-679j),(907-1263j),(488-1800j),(-204-2136j),(-1051-2161j)
2025-05-20 13:57:55.768893,(-21-39j),(2696-1246j),(2197-1981j),(1503-2505j),(686-2738j),(-110-2678j),(-793-2371j),(-1339-1900j),(-1591-1329j),(-1653-756j),(-1519-271j),(-1257+67j),(-945+232j),(-665+239j),(-479+125j),(-423-39j),(-495-176j),(-660-231j),(-856-181j),(-1040-19j),(-1157+241j),(-1172+581j),(-1043+894j),(-798+1162j),(-478+1330j),(-127+1389j),(219+1350j),(539+1224j),(819+1016j),(-3-11j),(4-5j),(-4+7j),(18469+0j),(-12800-32640j),(1152+0j),(-8+7j),(255-930j),(18+850j),(235+660j),(336+387j),(289+118j),(109-55j),(-119-69j),(-293+75j),(-355+285j),(-274+511j),(-72+666j),(200+688j),(464+559j),(630+305j),(643-5j),(500-289j),(222-484j),(-152-519j),(-531-359j),(-819-9j),(-929+469j),(-805+987j),(-462+1489j),(116+1841j),(854+1949j),(1614+1734j),(2261+1226j),(2694+501j)
2025-05-20 13:57:56.175144,(-17+48j),(-1772-1514j),(-2192-855j),(-2351-106j),(-2213+634j),(-1833+1244j),(-1274+1633j),(-651+1775j),(-99+1717j),(352+1464j),(629+1113j),(722+754j),(650+456j),(497+285j),(326+253j),(226+336j),(230+472j),(352+608j),(567+667j),(840+612j),(1105+413j),(1344+93j),(1360-313j),(1252-724j),(974-1062j),(617-1299j),(210-1381j),(-152-1325j),(-443-1179j),(4+1j),(5+2j),-4j,(18469+0j),(-12288-32640j),(1152+0j),(-10-3j),(-39-825j),(150+779j),(253+713j),(322+585j),(339+492j),(334+457j),(381+481j),(485+485j),(653+448j),(821+297j),(950+66j),(969-244j),(855-554j),(589-785j),(253-872j),(-91-798j),(-357-587j),(-485-270j),(-429+79j),(-198+364j),(169+490j),(571+395j),(924+117j),(1140-344j),(1121-920j),(823-1470j),(288-1861j),(-384-2046j)
2025-05-20 13:57:56.587109,(-44-4j),(1609-1983j),(1441-2160j),(1233-2279j),(997-2307j),(753-2267j),(520-2144j),(334-1978j),(155-1746j),(37-1472j),(-32-1179j),(-49-866j),(-11-550j),(79-260j),(208-11j),(361+217j),(531+401j),(713+538j),(892+640j),(1056+697j),(1211+730j),(1348+725j),(1454+698j),(1526+645j),(1554+574j),(1558+497j),(1539+425j),(1504+321j),(1468+212j),(-5-10j),(-1+3j),(-2+7j),(18469+0j),(-12032-32640j),(1152+0j),(-8-13j),(969-584j),(-900+586j),(-838+561j),(-768+482j),(-722+368j),(-722+231j),(-751+101j),(-796+0j),(-872-89j),(-943-138j),(-1021-151j),(-1074-120j),(-1095-60j),(-1071+15j),(-1000+100j),(-893+181j),(-736+249j),(-538+300j),(-294+331j),(-16+316j),(277+251j),(584+126j),(865-30j),(1145-240j),(1395-507j),(1569-815j),(1680-1131j),(1731-1437j)
2025-05-20 13:57:57.016880,(21-10j),(-1479+1702j),(-1075+2040j),(-594+2238j),(-90+2259j),(388+2124j),(782+1860j),(1063+1516j),(1202+1111j),(1195+720j),(1057+378j),(822+137j),(543+15j),(257+17j),(19+140j),(-147+351j),(-193+605j),(-128+856j),(37+1074j),(286+1218j),(583+1284j),(900+1249j),(1186+1095j),(1406+860j),(1530+569j),(1577+265j),(1558-35j),(1469-296j),(1342-521j),(-5-5j),(-1+6j),(5+0j),(18469+0j),(-12288-32640j),(1152+0j),(5-9j),(1050+102j),(-999+9j),(-942+94j),(-848+164j),(-772+176j),(-749+163j),(-761+155j),(-817+183j),(-859+266j),(-887+391j),(-881+551j),(-799+715j),(-659+857j),(-455+939j),(-222+945j),(11+876j),(214+719j),(341+497j),(388+230j),(333-63j),(169-322j),(-82-507j),(-431-614j),(-815-599j),(-1202-444j),(-1523-149j),(-1736+265j),(-1820+745j)
2025-05-20 13:57:57.462185,(2+31j),(-2225-995j),(-2346-856j),(-2417-722j),(-2404-570j),(-2340-420j),(-2224-280j),(-2052-147j),(-1837-44j),(-1592+33j),(-1312+82j),(-1010+95j),(-699+73j),(-399+18j),(-102-70j),(180-180j),(421-319j),(633-477j),(803-631j),(931-777j),(1036-924j),(1094-1055j),(1126-1170j),(1118-1241j),(1079-1271j),(1032-1280j),(968-1269j),(876-1251j),(771-1234j),(-12+2j),(1+10j),(3+8j),(18469+0j),(-12288-32640j),(1152+0j),7j,(-1084+54j),(1030-64j),(957-47j),(864+13j),(767+105j),(684+233j),(621+367j),(577+483j),(564+614j),(557+716j),(575+800j),(595+846j),(618+858j),(629+828j),(625+767j),(603+666j),(564+542j),(488+384j),(388+207j),(256+11j),(83-193j),(-139-401j),(-359-586j),(-629-770j),(-917-922j),(-1221-1022j),(-1513-1069j),(-1792-1100j)
2025-05-20 13:57:57.906513,(-8+24j),(-2404-686j),(-2208+1271j),(-634+2499j),(1327+2158j),(2369+551j),(1935-1228j),(457-2050j),(-1015-1580j),(-1580-362j),(-1148+704j),(-274+1009j),(331+665j),(397+203j),(198+55j),(143+185j),(408+237j),(693-99j),(592-696j),(-54-1093j),(-902-869j),(-1385+1j),(-1040+1008j),(-54+1475j),(979+1101j),(1441+122j),(1087-883j),(151-1333j),(-801-996j),(4-8j),(5-2j),(-3+3j),(18469+0j),(-12288-32640j),(1152+0j),-5j,(624-735j),(27+906j),(550+616j),(715+143j),(610-233j),(409-482j),(125-650j),(-278-665j),(-679-423j),(-874+104j),(-642+697j),(-12+990j),(675+744j),(983+75j),(724-594j),(94-843j),(-463-571j),(-578-44j),(-277+291j),(87+185j),(78-161j),(-331-255j),(-673+198j),(-432+914j),(500+1230j),(1518+588j),(1709-822j),(676-2037j)
2025-05-20 13:57:58.359795,(-21-20j),(2332-146j),(2347-440j),(2299-728j),(2145-970j),(1937-1153j),(1700-1270j),(1428-1330j),(1169-1304j),(911-1217j),(676-1061j),(488-854j),(347-623j),(278-370j),(267-116j),(320+130j),(414+344j),(552+518j),(704+636j),(879+709j),(1059+729j),(1234+710j),(1361+631j),(1449+529j),(1488+400j),(1491+266j),(1459+136j),(1425+18j),(1368-94j),(-8-1j),(2+2j),(-2+10j),(18469+0j),(-12288-32640j),(1152+0j),(1-10j),(587+864j),(-580-787j),(-551-706j),(-488-611j),(-395-551j),(-279-529j),(-165-559j),(-81-601j),(-30-679j),(-13-749j),(-28-816j),(-76-859j),(-142-869j),(-214-836j),(-280-762j),(-337-649j),(-370-504j),(-367-332j),(-316-132j),(-214+83j),(-56+293j),(160+470j),(425+619j),(731+718j),(1071+759j),(1409+717j),(1720+590j),(2002+403j)
2025-05-20 13:57:58.824539,(17-32j),(499+2536j),(678+2569j),(848+2562j),(982+2467j),(1078+2324j),(1130+2129j),(1158+1950j),(1121+1676j),(1048+1419j),(925+1150j),(763+883j),(569+628j),(346+392j),(96+183j),(-166+2j),(-430-142j),(-683-252j),(-926-329j),(-1153-368j),(-1353-375j),(-1535-350j),(-1648-310j),(-1715-257j),(-1744-197j),(-1732-133j),(-1682-61j),(-1618+26j),(-1531+131j),(3+9j),(19-13j),(13-12j),(18469+0j),(-12032-32640j),(1152+0j),(9-3j),(839+741j),(-810-678j),(-737-622j),(-617-583j),(-460-570j),(-289-587j),(-121-637j),(27-711j),(145-776j),(237-852j),(301-927j),(331-992j),(327-1033j),(291-1042j),(243-1008j),(178-940j),(99-839j),(8-691j),(-88-501j),(-179-266j),(-253+6j),(-296+319j),(-327+636j),(-315+987j),(-263+1330j),(-166+1664j),(-34+1949j),(121+2220j)
2025-05-20 13:57:59.298813,(-24-37j),(2442-428j),(2265-1138j),(1875-1758j),(1274-2181j),(591-2357j),(-78-2281j),(-666-1980j),(-1047-1540j),(-1223-1026j),(-1196-545j),(-985-169j),(-685+52j),(-355+98j),(-83-27j),(71-268j),(64-552j),(-100-810j),(-383-975j),(-737-1004j),(-1109-884j),(-1450-596j),(-1623-218j),(-1662+216j),(-1542+636j),(-1310+988j),(-972+1245j),(-535+1379j),(-65+1341j),(4-5j),(-4-2j),(-6+3j),(18469+0j),(-12288-32640j),(1152+0j),(-5-7j),(973-335j),(-832+602j),(-623+752j),(-418+747j),(-293+675j),(-260+597j),(-285+571j),(-313+615j),(-294+711j),(-218+837j),(-72+943j),(141+999j),(382+965j),(600+843j),(751+635j),(808+385j),(768+137j),(620-63j),(395-175j),(139-158j),(-89-4j),(-213+270j),(-206+605j),(-17+951j),(354+1224j),(862+1312j),(1416+1183j),(1936+838j)
2025-05-20 13:57:59.779269,(32+19j),(-2020+1304j),(-1889+1555j),(-1728+1776j),(-1493+1909j),(-1249+1986j),(-976+1945j),(-705+1839j),(-485+1705j),(-290+1474j),(-140+1218j),(-53+925j),(-30+612j),(-69+310j),(-188+27j),(-336-219j),(-525-409j),(-729-534j),(-940-626j),(-1139-645j),(-1324-628j),(-1515-547j),(-1591-448j),(-1643-330j),(-1634-193j),(-1589-79j),(-1523+31j),(-1428+176j),(-1316+321j),(7+8j),(5-11j),(2-8j),(18469+0j),(-12288-32640j),(1152+0j),(10+6j),(-1057+55j),(995-149j),(920-201j),(799-184j),(678-116j),(591-11j),(531+126j),(524+245j),(530+363j),(571+455j),(633+513j),(694+533j),(757+507j),(797+449j),(804+369j),(771+260j),(711+144j),(592+23j),(436-110j),(225-213j),(-40-291j),(-310-313j),(-627-300j),(-955-226j),(-1270-83j),(-1565+135j),(-1777+407j),(-1942+691j)
2025-05-20 13:58:00.267897,(-27+35j),(-791-2009j),(-1306-1832j),(-1712-1486j),(-1996-1039j),(-2090-530j),(-2039-47j),(-1832+377j),(-1538+685j),(-1171+863j),(-801+900j),(-470+782j),(-236+581j),(-128+330j),(-144+76j),(-274-137j),(-482-257j),(-745-272j),(-985-176j),(-1181+34j),(-1302+305j),(-1323+646j),(-1227+961j),(-1017+1227j),(-728+1394j),(-412+1471j),(-97+1457j),(216+1375j),(508+1232j),(6-1j),(-1+1j),(-6+2j),(18469+0j),(-12544-32640j),(1152+0j),8j,(-772+777j),(570-858j),(381-874j),(213-799j),(125-691j),(106-584j),(147-527j),(203-532j),(232-559j),(232-635j),(187-724j),(96-807j),(-38-838j),(-189-827j),(-330-755j),(-440-627j),(-507-463j),(-508-282j),(-418-94j),(-257+51j),(-25+124j),(238+92j),(495-55j),(702-321j),(812-697j),(754-1101j),(540-1491j),(197-1801j)
2025-05-20 13:58:00.761876,(23-18j),(-179+2319j),(62+2420j),(310+2455j),(537+2398j),(740+2266j),(899+2082j),(1003+1840j),(1072+1582j),(1067+1305j),(998+1006j),(857+720j),(677+452j),(451+218j),(194+28j),(-93-129j),(-367-214j),(-653-247j),(-919-229j),(-1146-170j),(-1338-77j),(-1527+40j),(-1590+189j),(-1620+320j),(-1594+438j),(-1533+551j),(-1443+637j),(-1250+667j),(-1037+647j),(10-1j),-10j,(2-9j),(18469+0j),(-12288-32640j),(1152+0j),(7-1j),(-119+778j),(110-836j),(108-840j),(136-729j),(214-606j),(335-505j),(471-436j),(601-387j),(734-387j),(845-410j),(934-461j),(990-520j),(997-575j),(970-636j),(916-678j),(807-704j),(674-706j),(511-669j),(329-599j),(128-482j),(-75-312j),(-263-77j),(-432+177j),(-570+485j),(-662+822j),(-688+1176j),(-643+1519j),(-543+1835j)
2025-05-20 13:58:01.273072,(9-22j),(1727+1535j),(2344+206j),(2042-1225j),(914-2135j),(-490-2159j),(-1542-1372j),(-1855-220j),(-1450+794j),(-634+1245j),(127+1100j),(506+633j),(476+199j),(241+50j),(107+175j),(243+365j),(600+344j),(921-22j),(937-633j),(507-1211j),(-285-1436j),(-1106-1112j),(-1641-318j),(-1576+665j),(-932+1413j),1666j,(881+1354j),(1419+649j),(1486-190j),(-15+8j),(1+3j),(3+5j),(18469+0j),(-12288-32640j),(1152+0j),(-5+6j),(-966-481j),(1008-32j),(802-456j),(441-675j),(113-684j),(-111-623j),(-295-564j),(-512-455j),(-764-235j),(-877+172j),(-730+654j),(-285+986j),(314+1009j),(819+654j),(1010+71j),(800-492j),(306-782j),(-212-676j),(-484-281j),(-380+154j),(14+328j),(401+61j),(448-441j),(3-901j),(-776-904j),(-1444-271j),(-1524+792j),(-846+1782j)
2025-05-20 13:58:01.793778,(-24-5j),(1046-2144j),(264-2434j),(-578-2413j),(-1331-2060j),(-1860-1452j),(-2095-722j),(-1964-3j),(-1731+579j),(-1260+937j),(-761+1053j),(-331+943j),(-65+686j),(4+408j),(-102+185j),(-320+95j),(-550+186j),(-698+430j),(-700+751j),(-534+1081j),(-220+1342j),(220+1478j),(674+1383j),(1075+1139j),(1345+765j),(1474+340j),(1464-99j),(1326-508j),(1073-859j),(-5+11j),(4+7j),(4+4j),(18469+0j),(-12288-32640j),(1152+0j),(-1-1j),(1168-69j),(-1041+363j),(-833+567j),(-593+647j),(-406+627j),(-309+565j),(-291+537j),(-286+565j),(-265+684j),(-161+813j),(33+919j),(290+943j),(570+854j),(799+650j),(927+363j),(925+47j),(792-239j),(546-422j),(243-462j),(-38-332j),(-207-57j),(-193+271j),(32+593j),(432+780j),(939+748j),(1434+436j),(1760-129j),(1850-837j)
2025-05-20 13:58:02.319210,(-30+13j),(56-2213j),(-572-2210j),(-1174-1997j),(-1622-1566j),(-1927-1054j),(-1989-470j),(-1884+50j),(-1618+474j),(-1229+735j),(-834+832j),(-482+761j),(-212+548j),(-114+284j),(-174+41j),(-334-158j),(-602-212j),(-876-129j),(-1107+81j),(-1219+393j),(-1226+761j),(-1102+1145j),(-812+1441j),(-447+1621j),(-29+1675j),(352+1596j),(693+1419j),(3+2j),(-10+1j),(-6-1j),(-3+6j),(-3+7j),(18469+0j),(-12288-32640j),(1152+0j),(-5+3j),(3+4j),(5-2j),(838+418j),(794+250j),(703+159j),(662+148j),(664+165j),(727+152j),(810+109j),(909-8j),(982-181j),(991-405j),(891-651j),(709-840j),(460-947j),(179-964j),(-89-876j),(-290-683j),(-408-412j),(-387-111j),(-228+159j),(58+343j),(402+369j),(768+232j),(1111-63j),(1287-513j),(1263-1040j),(1054-1553j)
2025-05-20 13:58:02.850355,(-39-11j),(2204-997j),(2155-1216j),(2042-1387j),(1870-1508j),(1662-1571j),(1424-1565j),(1212-1520j),(962-1405j),(727-1231j),(523-1009j),(350-746j),(216-465j),(131-165j),(98+127j),(109+416j),(152+681j),(236+910j),(332+1100j),(444+1259j),(562+1362j),(711+1443j),(812+1458j),(914+1443j),(964+1379j),(997+1292j),(1012+1184j),(1042+1036j),(1074+882j),(-5-10j),(-13+1j),(-16-3j),(18469+0j),(-12288-32640j),(1152+0j),(-3-4j),(1026-418j),(-968+449j),(-918+446j),(-844+370j),(-797+269j),(-797+135j),(-818+14j),(-838-85j),(-893-178j),(-950-229j),(-1009-253j),(-1058-241j),(-1076-183j),(-1050-115j),(-979-38j),(-882+53j),(-759+139j),(-588+224j),(-377+302j),(-127+364j),(153+386j),(443+373j),(748+329j),(1070+247j),(1382+117j),(1658-59j),(1874-275j),(2045-493j)
2025-05-20 13:58:03.396430,(40+20j),(-2104+1610j),(-1477+2269j),(-657+2661j),(245+2670j),(1071+2368j),(1655+1767j),(1959+1023j),(1957+308j),(1672-281j),(1223-653j),(730-766j),(309-641j),(57-366j),(27-44j),(176+231j),(468+338j),(804+265j),(1082+23j),(1220-368j),(1191-816j),(992-1267j),(573-1558j),(79-1698j),(-426-1646j),(-866-1416j),(-1197-1070j),(-1349-553j),(-1292-40j),(13+2j),(5-1j),(1-6j),(18469+0j),(-12032-32640j),(1152+0j),(5+3j),(-942-275j),(1001-60j),(929-348j),(706-481j),(519-476j),(426-421j),(426-385j),(467-412j),(495-517j),(456-685j),(327-865j),(100-996j),(-191-1022j),(-480-921j),(-709-710j),(-829-416j),(-806-109j),(-637+147j),(-370+285j),(-59+260j),(202+54j),(295-289j),(196-695j),(-126-1046j),(-663-1213j),(-1300-1122j),(-1864-709j),(-2273-48j)
2025-05-20 13:58:03.952903,(-30+0j),(1699-1688j),(1256-2113j),(713-2380j),(113-2431j),(-458-2295j),(-923-1981j),(-1236-1559j),(-1404-1101j),(-1382-647j),(-1214-274j),(-936-21j),(-615+88j),(-318+47j),(-97-119j),(21-369j),(-3-635j),(-150-874j),(-389-1034j),(-695-1083j),(-1021-1022j),(-1277-808j),(-1555-559j),(-1671-218j),(-1651+130j),(-1548+461j),(-1377+744j),(-1066+986j),(-693+1142j),(6-11j),(-8-8j),(-7-4j),(18469+0j),(-12288-32640j),(128+0j),4j,(-855-710j),(993+459j),(1023+216j),(907+40j),(760-44j),(651-35j),(597+19j),(608+66j),(667+87j),(756+54j),(849-47j),(897-197j),(877-379j),(779-556j),(620-688j),(410-746j),(179-736j),(-38-625j),(-204-424j),(-282-157j),(-235+143j),(-56+425j),(251+623j),(640+714j),(1078+648j),(1484+394j),(1800-22j),(1955-550j)
2025-05-20 13:58:04.523230,(18+24j),(-2252+1079j),(-1682+1881j),(-851+2372j),(96+2441j),(943+2122j),(1544+1516j),(1823+783j),(1715+63j),(1382-455j),(920-711j),(484-706j),(199-520j),(120-267j),(233-75j),(462-35j),(688-191j),(798-508j),(724-894j),(447-1255j),(-9-1478j),(-561-1505j),(-1095-1272j),(-1493-831j),(-1669-272j),(-1636+306j),(-1391+814j),(-989+1193j),(-485+1399j),(-2-15j),-8j,(-5-1j),(18469+0j),(-12032-32640j),(128+0j),(-4+3j),(612-952j),(-273+1048j),(44+1016j),(287+889j),(439+741j),(531+620j),(630+527j),(750+415j),(874+241j),(959-2j),(964-304j),(828-616j),(558-863j),(193-965j),(-175-893j),(-465-661j),(-602-325j),(-546+33j),(-302+303j),(66+396j),(441+259j),(694-105j),(750-600j),(514-1120j),(-11-1512j),(-740-1613j),(-1493-1342j),(-2093-741j)
2025-05-20 13:58:05.104592,(-31+9j),(836-2085j),(736-2174j),(627-2233j),(508-2203j),(400-2134j),(301-2013j),(211-1861j),(139-1653j),(82-1430j),(55-1174j),(49-894j),(73-610j),(125-329j),(197-55j),(287+201j),(393+434j),(503+629j),(614+799j),(722+939j),(821+1050j),(925+1135j),(999+1176j),(1039+1174j),(1056+1156j),(1049+1116j),(1033+1075j),(1013+1027j),(995+978j),(-5-12j),(-7+6j),(-16-3j),(18469+0j),(-12288-32640j),(1152+0j),(-2+12j),(-802-777j),(731+758j),(652+736j),(540+688j),(408+657j),(261+646j),(115+662j),(-8+688j),(-134+723j),(-230+766j),(-296+810j),(-331+850j),(-329+876j),(-303+872j),(-256+846j),(-182+786j),(-88+710j),(24+597j),(152+460j),(289+285j),(427+91j),(571-144j),(675-384j),(790-658j),(880-935j),(935-1217j),(948-1481j),(945-1718j)
2025-05-20 13:58:05.697018,(12+25j),(-2357-162j),(-2328+763j),(-1878+1622j),(-1095+2186j),(-160+2364j),(718+2107j),(1370+1539j),(1666+792j),(1594+77j),(1241-465j),(732-709j),(240-652j),(-63-372j),(-110-13j),(85+286j),(438+370j),(819+204j),(1057-180j),(1058-683j),(817-1173j),(343-1531j),(-265-1626j),(-859-1454j),(-1317-1036j),(-1558-479j),(-1558+107j),(-1249+622j),(-767+919j),(6-5j),(2-3j),(2-3j),(18469+0j),(-12288-32640j),(1152+0j),(2-6j),(991-148j),(-924+538j),(-699+833j),(-391+900j),(-171+864j),(-29+820j),(84+811j),(228+823j),(423+814j),(670+729j),(914+546j),(1091+235j),(1109-141j),(968-507j),(682-773j),(308-875j),(-39-797j),(-275-573j),(-368-275j),(-270+24j),(-6+196j),(338+155j),(628-103j),(754-542j),(609-1067j),(157-1511j),(-534-1696j),(-1304-1538j)
2025-05-20 13:58:06.298053,(34+17j),(-2347+221j),(-2409+405j),(-2422+568j),(-2352+714j),(-2247+835j),(-2077+915j),(-1879+960j),(-1642+957j),(-1405+919j),(-1140+839j),(-878+724j),(-618+568j),(-377+390j),(-164+192j),(34-21j),(184-234j),(305-451j),(400-651j),(459-832j),(496-994j),(513-1142j),(483-1226j),(462-1292j),(428-1323j),(381-1304j),(323-1265j),(222-1157j),(111-1002j),(-2-6j),5j,(3+3j),(18469+0j),(-12288-32640j),(1152+0j),(9-1j),(-433+775j),(400-825j),(368-812j),(327-691j),(318-525j),(352-341j),(414-163j),(494-4j),(596+131j),(707+237j),(805+308j),(904+337j),(978+344j),(1013+310j),(1009+257j),(964+176j),(888+82j),(762-8j),(610-112j),(394-213j),(143-302j),(-146-357j),(-439-405j),(-764-418j),(-1102-401j),(-1418-339j),(-1711-232j),(-1983-106j)
2025-05-20 13:58:06.911453,(-20-46j),(2184+702j),(2289+539j),(2341+376j),(2310+199j),(2221+38j),(2081-96j),(1908-232j),(1682-298j),(1425-353j),(1153-370j),(872-342j),(588-275j),(324-172j),(80-42j),(-138+106j),(-315+266j),(-460+439j),(-572+602j),(-637+753j),(-676+891j),(-673+1006j),(-667+1113j),(-620+1169j),(-557+1187j),(-490+1180j),(-417+1139j),(-290+1081j),(-146+997j),(2-3j),(-3+0j),(-1-6j),(18469+0j),(-12288-32640j),(1152+0j),(-2-12j),(840-171j),(-808+223j),(-749+232j),(-637+161j),(-529+50j),(-442-107j),(-387-273j),(-359-443j),(-367-587j),(-403-717j),(-455-810j),(-534-867j),(-603-877j),(-665-833j),(-689-748j),(-689-629j),(-666-483j),(-606-315j),(-504-116j),(-354+96j),(-163+302j),(54+468j),(322+644j),(606+787j),(923+890j),(1234+939j),(1531+937j),(1785+895j)
2025-05-20 13:58:07.536429,(36+44j),(-3205-219j),(-3268+98j),(-3242+408j),(-3093+697j),(-2884+934j),(-2596+1098j),(-2301+1223j),(-1932+1246j),(-1580+1212j),(-1229+1112j),(-899+940j),(-592+727j),(-348+479j),(-154+205j),(-2-66j),(95-321j),(147-577j),(166-807j),(138-1000j),(90-1170j),(15-1295j),(-68-1378j),(-149-1419j),(-224-1394j),(-304-1362j),(-359-1283j),(-404-1112j),(-424-910j),(-3-5j),(9+5j),(14+6j),(18469+0j),(-12544-32640j),(1152+0j),(5+0j),(-538+494j),(488-560j),(392-558j),(231-448j),(84-280j),(-12-80j),(-57+135j),(-56+360j),(-6+514j),(78+653j),(184+752j),(300+807j),(409+790j),(506+720j),(557+617j),(571+465j),(543+279j),(467+74j),(334-152j),(140-390j),(-99-610j),(-411-808j),(-739-947j),(-1138-1058j),(-1559-1116j),(-1985-1080j),(-2379-960j),(-2725-769j)
2025-05-20 13:58:08.172586,(-36-30j),(2808-694j),(2778-1143j),(2618-1513j),(2348-1823j),(1998-2020j),(1624-2117j),(1239-2121j),(850-2022j),(520-1821j),(227-1562j),(21-1225j),(-111-873j),(-155-507j),(-124-175j),(-45+153j),(99+413j),(290+625j),(488+778j),(703+873j),(910+912j),(1134+897j),(1279+831j),(1407+734j),(1480+602j),(1501+460j),(1496+321j),(1371+191j),(1219+107j),(-16-7j),(-2+2j),(2+1j),(18469+0j),(-12544-32640j),(1152+0j),(-1-2j),(649-276j),(-578+298j),(-457+303j),(-206+255j),(39+114j),(253-90j),(390-353j),(455-599j),(435-860j),(355-1096j),(215-1285j),(41-1428j),(-164-1484j),(-377-1470j),(-565-1375j),(-724-1201j),(-831-981j),(-879-714j),(-840-405j),(-713-77j),(-485+239j),(-159+492j),(221+701j),(676+811j),(1180+834j),(1662+700j),(2087+461j),(2441+147j)
2025-05-20 13:58:08.822545,(-9-44j),(2576+1216j),(2825+873j),(2949+485j),(2941+81j),(2820-297j),(2590-615j),(2283-863j),(1940-1034j),(1575-1112j),(1193-1097j),(828-981j),(502-787j),(239-541j),(57-241j),(-65+77j),(-98+389j),(-66+687j),(29+941j),(185+1146j),(374+1305j),(602+1406j),(816+1420j),(1015+1370j),(1168+1263j),(1291+1112j),(1367+950j),(1327+719j),(1218+505j),(-16-1j),(-12+11j),(-9+4j),(18469+0j),(-12544-32640j),(1152+0j),(1-10j),(466+355j),(-504-297j),(-478-200j),(-315-40j),(-83+82j),(181+121j),(432+93j),(648-12j),(827-149j),(935-334j),(990-537j),(989-735j),(914-903j),(781-1021j),(617-1087j),(424-1090j),(216-1025j),(26-875j),(-131-656j),(-250-378j),(-287-34j),(-245+316j),(-86+700j),(156+1051j),(486+1356j),(900+1561j),(1353+1653j),(1806+1625j)
2025-05-20 13:58:09.480713,(-36-27j),(2771-1427j),(2727-1729j),(2593-1944j),(2385-2088j),(2136-2168j),(1868-2175j),(1590-2129j),(1314-2005j),(1048-1821j),(796-1610j),(576-1314j),(378-1001j),(243-666j),(152-326j),(90+25j),(85+352j),(117+662j),(171+944j),(275+1178j),(389+1397j),(559+1563j),(675+1626j),(811+1674j),(910+1651j),(1002+1601j),(1067+1512j),(1124+1316j),(1160+1097j),(-6-12j),(-15+0j),(-12-3j),(18469+0j),(-12544-32640j),(1152+0j),(-3+0j),(467-831j),(-336+801j),(-237+716j),(-167+502j),(-152+254j),(-209-8j),(-289-263j),(-426-464j),(-585-625j),(-754-743j),(-929-802j),(-1091-806j),(-1209-744j),(-1286-642j),(-1310-504j),(-1266-351j),(-1156-180j),(-980-24j),(-731+142j),(-426+284j),(-44+370j),(366+371j),(780+355j),(1218+248j),(1659+74j),(2035-176j),(2345-470j),(2564-782j)
2025-05-20 13:58:10.141157,(4-28j),(862+2118j),(1113+2088j),(1342+2008j),(1507+1834j),(1631+1648j),(1667+1407j),(1677+1173j),(1584+908j),(1455+681j),(1277+478j),(1060+302j),(796+169j),(531+79j),(265+46j),(4+37j),(-232+81j),(-449+153j),(-630+248j),(-769+365j),(-875+496j),(-944+618j),(-955+740j),(-950+831j),(-901+896j),(-834+941j),(-755+975j),(-600+947j),(-434+893j),(-4-3j),(-3-8j),(1-5j),(18469+0j),(-12544-32640j),(128+0j),-6j,(396+440j),(-438-380j),(-427-317j),(-311-223j),(-146-158j),(36-146j),(213-165j),(377-226j),(501-306j),(596-401j),(663-514j),(687-620j),(668-719j),(608-789j),(526-823j),(413-814j),(277-776j),(141-680j),(-5-544j),(-133-351j),(-240-114j),(-303+156j),(-329+463j),(-312+782j),(-232+1108j),(-98+1419j),(101+1681j),(331+1899j)
2025-05-20 13:58:10.809795,(39+2j),(-2706+1815j),(-2480+2187j),(-2183+2510j),(-1807+2706j),(-1403+2786j),(-1000+2737j),(-623+2615j),(-312+2384j),(-56+2087j),(116+1752j),(198+1377j),(191+1004j),(101+666j),(-55+375j),(-262+137j),(-499-25j),(-748-117j),(-990-143j),(-1209-105j),(-1390-12j),(-1538+123j),(-1608+274j),(-1625+423j),(-1596+562j),(-1513+692j),(-1396+813j),(-1216+920j),(-974+1000j),(10-8j),(-4-3j),(-9-1j),(18469+0j),(-12544-32640j),(1152+0j),(2+5j),(-811-289j),(773+162j),(660+79j),(486+74j),(297+147j),(132+291j),(21+475j),(-21+680j),850j,(79+1000j),(200+1107j),(342+1160j),(495+1151j),(633+1068j),(728+921j),(776+725j),(760+496j),(670+249j),(507+2j),(255-222j),(-73-400j),(-464-510j),(-905-524j),(-1363-449j),(-1806-264j),(-2195+29j),(-2487+414j),(-2696+868j)
