frame_index,lm_0_id,lm_0_x,lm_0_y,lm_0_z,lm_0_vis,lm_1_id,lm_1_x,lm_1_y,lm_1_z,lm_1_vis,lm_2_id,lm_2_x,lm_2_y,lm_2_z,lm_2_vis,lm_3_id,lm_3_x,lm_3_y,lm_3_z,lm_3_vis,lm_4_id,lm_4_x,lm_4_y,lm_4_z,lm_4_vis,lm_5_id,lm_5_x,lm_5_y,lm_5_z,lm_5_vis,lm_6_id,lm_6_x,lm_6_y,lm_6_z,lm_6_vis,lm_7_id,lm_7_x,lm_7_y,lm_7_z,lm_7_vis,lm_8_id,lm_8_x,lm_8_y,lm_8_z,lm_8_vis,lm_9_id,lm_9_x,lm_9_y,lm_9_z,lm_9_vis,lm_10_id,lm_10_x,lm_10_y,lm_10_z,lm_10_vis,lm_11_id,lm_11_x,lm_11_y,lm_11_z,lm_11_vis,lm_12_id,lm_12_x,lm_12_y,lm_12_z,lm_12_vis,lm_13_id,lm_13_x,lm_13_y,lm_13_z,lm_13_vis,lm_14_id,lm_14_x,lm_14_y,lm_14_z,lm_14_vis,lm_15_id,lm_15_x,lm_15_y,lm_15_z,lm_15_vis,lm_16_id,lm_16_x,lm_16_y,lm_16_z,lm_16_vis,lm_17_id,lm_17_x,lm_17_y,lm_17_z,lm_17_vis,lm_18_id,lm_18_x,lm_18_y,lm_18_z,lm_18_vis,lm_19_id,lm_19_x,lm_19_y,lm_19_z,lm_19_vis,lm_20_id,lm_20_x,lm_20_y,lm_20_z,lm_20_vis,lm_21_id,lm_21_x,lm_21_y,lm_21_z,lm_21_vis,lm_22_id,lm_22_x,lm_22_y,lm_22_z,lm_22_vis,lm_23_id,lm_23_x,lm_23_y,lm_23_z,lm_23_vis,lm_24_id,lm_24_x,lm_24_y,lm_24_z,lm_24_vis,lm_25_id,lm_25_x,lm_25_y,lm_25_z,lm_25_vis,lm_26_id,lm_26_x,lm_26_y,lm_26_z,lm_26_vis,lm_27_id,lm_27_x,lm_27_y,lm_27_z,lm_27_vis,lm_28_id,lm_28_x,lm_28_y,lm_28_z,lm_28_vis,lm_29_id,lm_29_x,lm_29_y,lm_29_z,lm_29_vis,lm_30_id,lm_30_x,lm_30_y,lm_30_z,lm_30_vis,lm_31_id,lm_31_x,lm_31_y,lm_31_z,lm_31_vis,lm_32_id,lm_32_x,lm_32_y,lm_32_z,lm_32_vis
1,0,0.5742407441139221,0.3700545132160187,0.041162386536598206,0.9748897552490234,1,0.575681209564209,0.36358460783958435,0.01971154659986496,0.9693092107772827,2,0.5760354399681091,0.3636423349380493,0.019679363816976547,0.9650464653968811,3,0.576263427734375,0.3637707829475403,0.01965181902050972,0.9692786931991577,4,0.5751718282699585,0.3633047938346863,0.03645281121134758,0.9717327952384949,5,0.575251042842865,0.3631809949874878,0.03646567463874817,0.9717065691947937,6,0.5753270387649536,0.363059937953949,0.036388546228408813,0.9734843373298645,7,0.579900324344635,0.36658424139022827,-0.04265782982110977,0.9649522304534912,8,0.5811012387275696,0.36508244276046753,0.03174305707216263,0.9678497314453125,9,0.5765989422798157,0.3764157295227051,0.02350941114127636,0.9718972444534302,10,0.5756394863128662,0.3758704960346222,0.04512675479054451,0.9750068783760071,11,0.5673206448554993,0.4311920702457428,-0.11196458339691162,0.9921518564224243,12,0.637313723564148,0.42543667554855347,0.0708111822605133,0.9978113770484924,13,0.5619289875030518,0.5002102851867676,-0.16555489599704742,0.31799280643463135,14,0.6535977721214294,0.4965379238128662,0.08497779071331024,0.608231782913208,15,0.5761798024177551,0.5274770855903625,-0.18509432673454285,0.20021431148052216,16,0.6274718642234802,0.5370538830757141,0.062418002635240555,0.5409420132637024,17,0.5808994770050049,0.5345590114593506,-0.20473721623420715,0.1904604285955429,18,0.6241686344146729,0.5484808087348938,0.06487270444631577,0.5231865048408508,19,0.5863813757896423,0.530753493309021,-0.20351339876651764,0.1902094930410385,20,0.6160792112350464,0.5470449328422546,0.04601932689547539,0.5130612254142761,21,0.5864644646644592,0.5283806324005127,-0.18634377419948578,0.18776990473270416,22,0.6148133277893066,0.5432924628257751,0.05354373902082443,0.47488346695899963,23,0.5868831276893616,0.5574259161949158,-0.08313580602407455,0.9958217740058899,24,0.6331273317337036,0.5557312965393066,0.08313663303852081,0.9951077699661255,25,0.5901007056236267,0.6578861474990845,-0.07682746648788452,0.4985145628452301,26,0.6262227296829224,0.6531471014022827,0.11552782356739044,0.6261430978775024,27,0.5806905031204224,0.7702519297599792,-0.04479857161641121,0.5931801795959473,28,0.651080846786499,0.7480596899986267,0.15008997917175293,0.7043685913085938,29,0.5903688669204712,0.780195951461792,-0.04495827853679657,0.6339575052261353,30,0.6563546657562256,0.7609402537345886,0.1501336693763733,0.6887102723121643,31,0.5644662380218506,0.7847749590873718,-0.09864009916782379,0.6029890775680542,32,0.6208686828613281,0.7673945426940918,0.10548634082078934,0.6846213936805725
6,0,0.33154726028442383,0.36931025981903076,-0.2033528983592987,0.9773767590522766,1,0.33635345101356506,0.3596714735031128,-0.20600664615631104,0.9723461270332336,2,0.33876675367355347,0.3592284917831421,-0.2061391919851303,0.9685100317001343,3,0.34093785285949707,0.3589624762535095,-0.20624209940433502,0.9723270535469055,4,0.3306984603404999,0.3605666160583496,-0.17802542448043823,0.9745190143585205,5,0.3293152451515198,0.3606470823287964,-0.17795395851135254,0.9744637608528137,6,0.3278568387031555,0.36067554354667664,-0.17790623009204865,0.9760557413101196,7,0.34836670756340027,0.36327821016311646,-0.1645909696817398,0.9684391617774963,8,0.3330397307872772,0.3634207546710968,-0.039255350828170776,0.9708264470100403,9,0.33799025416374207,0.37722116708755493,-0.1836235672235489,0.974663496017456,10,0.33054617047309875,0.3772295415401459,-0.14752091467380524,0.9774172902107239,11,0.3538739085197449,0.4192068576812744,-0.24862809479236603,0.9929335713386536,12,0.35292309522628784,0.41898077726364136,0.15205496549606323,0.9976525902748108,13,0.3393106758594513,0.4995439648628235,-0.3128241300582886,0.3860066533088684,14,0.34322109818458557,0.4935096502304077,0.22801171243190765,0.5497757792472839,15,0.3123496174812317,0.5598093271255493,-0.3260563611984253,0.27948734164237976,16,0.3313847482204437,0.5454791188240051,0.14527595043182373,0.4914117157459259,17,0.30132368206977844,0.5768922567367554,-0.36658310890197754,0.2697732150554657,18,0.3230845332145691,0.5606555938720703,0.1444745510816574,0.4770841598510742,19,0.2980346381664276,0.5743480324745178,-0.3632625341415405,0.26956191658973694,20,0.3222205340862274,0.5582119226455688,0.1040133461356163,0.4683070480823517,21,0.3024322986602783,0.569496750831604,-0.32222965359687805,0.2661701738834381,22,0.3237714171409607,0.5548551082611084,0.12558622658252716,0.4340156316757202,23,0.34663140773773193,0.575316846370697,-0.11955328285694122,0.9960776567459106,24,0.34436848759651184,0.5722598433494568,0.11967071890830994,0.9951656460762024,25,0.3517839014530182,0.6836104989051819,-0.10414797812700272,0.5371912717819214,26,0.3407003581523895,0.6817782521247864,0.1242712065577507,0.6086034178733826,27,0.3938042223453522,0.7808064222335815,-0.020341597497463226,0.6255212426185608,28,0.3104167580604553,0.8000015020370483,0.20071087777614594,0.7017168402671814,29,0.40593039989471436,0.7961414456367493,-0.0165370162576437,0.6616376638412476,30,0.3287367820739746,0.8198179006576538,0.20188039541244507,0.692938506603241,31,0.3544791042804718,0.8158307671546936,-0.11012479662895203,0.6354067921638489,32,0.28142890334129333,0.8264114260673523,0.12328790128231049,0.6898029446601868
7,0,0.30360114574432373,0.3546351492404938,-0.3283216655254364,0.9796295166015625,1,0.3101602792739868,0.34444382786750793,-0.3153763711452484,0.975088894367218,2,0.3141169250011444,0.34408682584762573,-0.31553226709365845,0.9716355204582214,3,0.3177708685398102,0.3439444601535797,-0.31563448905944824,0.9750707149505615,4,0.29915329813957214,0.3455236852169037,-0.30408385396003723,0.9770411849021912,5,0.2958967685699463,0.3457982838153839,-0.30404195189476013,0.9769845604896545,6,0.2925319969654083,0.34620872139930725,-0.3040807545185089,0.9784160256385803,7,0.32321763038635254,0.3486030101776123,-0.20756375789642334,0.97156822681427,8,0.29236268997192383,0.35054701566696167,-0.1560901254415512,0.9736750721931458,9,0.3111761808395386,0.3643268644809723,-0.2849479913711548,0.9771838188171387,10,0.2985217571258545,0.3649131953716278,-0.2703096568584442,0.9796566367149353,11,0.34266117215156555,0.4137040078639984,-0.1964903622865677,0.9936342239379883,12,0.2817031145095825,0.41818997263908386,0.0006980592152103782,0.997843325138092,13,0.3348477780818939,0.5024136900901794,-0.18251840770244598,0.4392356872558594,14,0.2739660441875458,0.49687471985816956,0.06383423507213593,0.5454314351081848,15,0.3110755980014801,0.5798794627189636,-0.25236940383911133,0.325948566198349,16,0.2544799745082855,0.5634624361991882,-0.0544046051800251,0.5044264793395996,17,0.30619102716445923,0.603683352470398,-0.2908579111099243,0.3109394907951355,18,0.24261115491390228,0.5832757949829102,-0.07563173770904541,0.4887443780899048,19,0.2991655170917511,0.603360652923584,-0.3132357895374298,0.31177520751953125,20,0.24692055583000183,0.5827908515930176,-0.12144123017787933,0.48313769698143005,21,0.3009808361530304,0.5948334336280823,-0.2622813284397125,0.3064080476760864,22,0.25413721799850464,0.5766525268554688,-0.07568315416574478,0.451952189207077,23,0.3279365003108978,0.5753573775291443,-0.07720604538917542,0.9963990449905396,24,0.298536092042923,0.5732243061065674,0.07719472050666809,0.9954292178153992,25,0.31698790192604065,0.6847297549247742,-0.06042548269033432,0.5633718967437744,26,0.29461997747421265,0.6850082874298096,0.10354681313037872,0.5962491035461426,27,0.31186842918395996,0.8010324239730835,0.06832849979400635,0.6509825587272644,28,0.3032931983470917,0.7989161610603333,0.23968718945980072,0.6942150592803955,29,0.3182048201560974,0.8166306614875793,0.07142622768878937,0.6561289429664612,30,0.31229251623153687,0.8156817555427551,0.2470734864473343,0.6770322918891907,31,0.2846117913722992,0.8333957195281982,-0.07185322791337967,0.6590948104858398,32,0.2793145179748535,0.8274827599525452,0.13120433688163757,0.6930482983589172
8,0,0.29909685254096985,0.3555094301700592,-0.3230205476284027,0.981645405292511,1,0.3048940896987915,0.34517037868499756,-0.3006632626056671,0.9775165319442749,2,0.30910786986351013,0.3449692726135254,-0.3007664382457733,0.9743983745574951,3,0.3127950429916382,0.3450145423412323,-0.3008113205432892,0.9774824976921082,4,0.29354581236839294,0.346219003200531,-0.30266809463500977,0.9792622923851013,5,0.2893032729625702,0.3466736078262329,-0.30266454815864563,0.9792015552520752,6,0.2854202687740326,0.34719082713127136,-0.3027368485927582,0.9804949760437012,7,0.3188778758049011,0.35023945569992065,-0.17408674955368042,0.9742211103439331,8,0.28184759616851807,0.3517654538154602,-0.1709415167570114,0.9762089848518372,9,0.3063075840473175,0.365627259016037,-0.27057725191116333,0.9794427752494812,10,0.29349610209465027,0.3660992681980133,-0.2726070284843445,0.9816667437553406,11,0.34143757820129395,0.42099305987358093,-0.04881513863801956,0.9942454099655151,12,0.26313841342926025,0.4240719974040985,-0.1114436611533165,0.9980431199073792,13,0.3386065363883972,0.5042487382888794,-0.006000188644975424,0.44982191920280457,14,0.2548142373561859,0.5071353316307068,-0.07609252631664276,0.5834730267524719,15,0.340719610452652,0.5758979320526123,-0.14224198460578918,0.3359314501285553,16,0.23860427737236023,0.584519624710083,-0.17896997928619385,0.540231466293335,17,0.3426268398761749,0.5965961813926697,-0.1737951636314392,0.3203714191913605,18,0.2296445071697235,0.6070775389671326,-0.21338219940662384,0.5210717916488647,19,0.33963528275489807,0.5965274572372437,-0.20948374271392822,0.32246994972229004,20,0.23599953949451447,0.6077243685722351,-0.25284212827682495,0.517005443572998,21,0.333739697933197,0.5909502506256104,-0.1604989916086197,0.3176719546318054,22,0.23943811655044556,0.5996819734573364,-0.19677184522151947,0.48798510432243347,23,0.32253220677375793,0.5841819047927856,0.026011908426880836,0.9967174530029297,24,0.27222007513046265,0.579448938369751,-0.02610224485397339,0.9958001375198364,25,0.3148535192012787,0.700576901435852,-0.0166796762496233,0.5966478586196899,26,0.2756117880344391,0.6882534027099609,-0.04175417870283127,0.6232402920722961,27,0.29444780945777893,0.8164819478988647,0.17263171076774597,0.6790320873260498,28,0.2825114130973816,0.7809433937072754,0.2198154777288437,0.7016878724098206,29,0.295478492975235,0.8330230116844177,0.1818035989999771,0.6607237458229065,30,0.28296953439712524,0.7858999967575073,0.2321857362985611,0.6547775268554688,31,0.2884691059589386,0.8522084355354309,0.027958713471889496,0.6842061281204224,32,0.2790926694869995,0.8253545165061951,0.08316472172737122,0.703560471534729
9,0,0.30597859621047974,0.34783321619033813,-0.3929832875728607,0.9834713935852051,1,0.3107784390449524,0.33692553639411926,-0.36742791533470154,0.9797393679618835,2,0.31355229020118713,0.33704328536987305,-0.3675263226032257,0.9769241213798523,3,0.3164166510105133,0.337385356426239,-0.36760902404785156,0.9796962141990662,4,0.3023841679096222,0.3375941216945648,-0.3721854090690613,0.9813104271888733,5,0.2987399399280548,0.33808714151382446,-0.3721838593482971,0.9812512993812561,6,0.29506716132164,0.3386100232601166,-0.3722524642944336,0.9824158549308777,7,0.3246194124221802,0.3430326282978058,-0.21624386310577393,0.9767281413078308,8,0.2916660010814667,0.34412088990211487,-0.2376955896615982,0.9785404205322266,9,0.31170856952667236,0.35876765847206116,-0.335680216550827,0.981479287147522,10,0.3021242320537567,0.359028697013855,-0.341668963432312,0.9834812879562378,11,0.3484307825565338,0.4155992269515991,-0.09582003951072693,0.9947308897972107,12,0.27255502343177795,0.42114004492759705,-0.18546393513679504,0.9982012510299683,13,0.35262325406074524,0.504040002822876,-0.051379334181547165,0.4629696309566498,14,0.2743375897407532,0.5102184414863586,-0.16414988040924072,0.6146510243415833,15,0.35210418701171875,0.5736152529716492,-0.14348730444908142,0.3365269601345062,16,0.27117979526519775,0.5794785022735596,-0.25672367215156555,0.5597967505455017,17,0.3527935743331909,0.5966839790344238,-0.17630243301391602,0.315618097782135,18,0.262127161026001,0.6097965240478516,-0.29380306601524353,0.5326451063156128,19,0.34874844551086426,0.5979677438735962,-0.20300129055976868,0.3190547823905945,20,0.25877833366394043,0.6089403629302979,-0.330484539270401,0.5307113528251648,21,0.3441592752933502,0.5893427729606628,-0.15786582231521606,0.3157631456851959,22,0.2668725550174713,0.5946731567382812,-0.27301090955734253,0.5049261450767517,23,0.32584917545318604,0.5792670845985413,0.017933061346411705,0.9968008399009705,24,0.28878897428512573,0.578828752040863,-0.017879482358694077,0.9959499835968018,25,0.32590851187705994,0.6989875435829163,-0.01479410845786333,0.5746132731437683,26,0.29406875371932983,0.689382791519165,-0.02119601145386696,0.6012407541275024,27,0.32072776556015015,0.7887656688690186,0.1878417432308197,0.642281711101532,28,0.2884509265422821,0.7933869957923889,0.17966867983341217,0.6734211444854736,29,0.3154827654361725,0.804977297782898,0.1989356130361557,0.6234316825866699,30,0.2925350069999695,0.8041806221008301,0.19250978529453278,0.6208440065383911,31,0.343304306268692,0.8500778079032898,0.062207065522670746,0.6495187878608704,32,0.302803635597229,0.8349618315696716,0.03231805935502052,0.6755034327507019
10,0,0.3488904535770416,0.34531712532043457,-0.3557279706001282,0.9851211905479431,1,0.3509496748447418,0.33508166670799255,-0.32685813307762146,0.9817591309547424,2,0.35384401679039,0.3351703882217407,-0.3269295394420624,0.9792208075523376,3,0.3564784526824951,0.3353101313114166,-0.3269362449645996,0.9817132949829102,4,0.34000805020332336,0.3349139988422394,-0.3404306173324585,0.9831751585006714,5,0.3350977897644043,0.3349859416484833,-0.3404773771762848,0.9831212759017944,6,0.3307909071445465,0.33522656559944153,-0.34053871035575867,0.9841701984405518,7,0.3555222451686859,0.3402457535266876,-0.17239749431610107,0.9790151119232178,8,0.3203497529029846,0.341452956199646,-0.22887791693210602,0.9806824922561646,9,0.35363146662712097,0.35721343755722046,-0.29567068815231323,0.9833220839500427,10,0.3400574326515198,0.3569398522377014,-0.31259214878082275,0.9851284623146057,11,0.3646783232688904,0.4150918126106262,0.016213256865739822,0.995133638381958,12,0.27553269267082214,0.4210691750049591,-0.2462158501148224,0.998375415802002,13,0.36700037121772766,0.5007577538490295,0.06682868301868439,0.4275009036064148,14,0.2780804932117462,0.5220174789428711,-0.2516777515411377,0.6457809209823608,15,0.36479461193084717,0.5618927478790283,-0.05293278768658638,0.31562089920043945,16,0.30850088596343994,0.585114598274231,-0.2935481071472168,0.5768976807594299,17,0.366304874420166,0.5849223136901855,-0.07967720180749893,0.29777613282203674,18,0.3060649633407593,0.6074011325836182,-0.33603984117507935,0.5425805449485779,19,0.36696892976760864,0.5833011865615845,-0.11283991485834122,0.3014376759529114,20,0.31307825446128845,0.6038157939910889,-0.358282208442688,0.5413838028907776,21,0.36297106742858887,0.574791431427002,-0.072165846824646,0.2995137870311737,22,0.31577634811401367,0.5946272611618042,-0.3031277656555176,0.5184372663497925,23,0.3477371633052826,0.5785074830055237,0.09802301228046417,0.9968481659889221,24,0.31406429409980774,0.5787336230278015,-0.09806901216506958,0.9962579011917114,25,0.3475287854671478,0.6953719854354858,0.19616210460662842,0.5381242632865906,26,0.3323954641819,0.6953588128089905,-0.061416465789079666,0.6163266897201538,27,0.32793134450912476,0.7831704616546631,0.3775465190410614,0.6171199083328247,28,0.3127826750278473,0.8049736618995667,0.0837135836482048,0.6851970553398132,29,0.31381067633628845,0.8023718595504761,0.3876231908798218,0.6145742535591125,30,0.29503342509269714,0.8238828778266907,0.09093271940946579,0.6219194531440735,31,0.34852463006973267,0.8194208145141602,0.28907474875450134,0.6371828317642212,32,0.3571297824382782,0.8539441823959351,-0.05540069192647934,0.684233546257019
15,0,0.7319723963737488,0.34528738260269165,0.19539333879947662,0.9860761165618896,1,0.7269643545150757,0.3359229564666748,0.18123656511306763,0.9830063581466675,2,0.7239975333213806,0.33581167459487915,0.18118517100811005,0.9805734157562256,3,0.7211405038833618,0.3358074128627777,0.18116964399814606,0.9829493165016174,4,0.7343528866767883,0.3357508182525635,0.1486281007528305,0.9842609167098999,5,0.7365847826004028,0.3355390727519989,0.14854201674461365,0.9841006994247437,6,0.7390856742858887,0.335344135761261,0.14824484288692474,0.9850943684577942,7,0.7106022834777832,0.34002766013145447,0.12752725183963776,0.9799557328224182,8,0.7366942763328552,0.3401983082294464,-0.01904449798166752,0.981991171836853,9,0.7257073521614075,0.3550628125667572,0.18197667598724365,0.9843841791152954,10,0.733246922492981,0.3556615710258484,0.1396612972021103,0.9861044883728027,11,0.6928520202636719,0.4145110845565796,0.1760469526052475,0.9954864382743835,12,0.719376802444458,0.40963461995124817,-0.17882926762104034,0.9984782934188843,13,0.6939632296562195,0.5136294960975647,0.15642757713794708,0.39877191185951233,14,0.7154104113578796,0.5076709985733032,-0.23195214569568634,0.6313168406486511,15,0.7122743129730225,0.5895864963531494,0.0675751119852066,0.2942575514316559,16,0.7083004713058472,0.5438027381896973,-0.1838926523923874,0.5511375665664673,17,0.7154861688613892,0.6097956299781799,0.05983331426978111,0.27826380729675293,18,0.7065365314483643,0.5563164353370667,-0.19817937910556793,0.5187087059020996,19,0.7207232117652893,0.6048500537872314,0.03818840533494949,0.2816297113895416,20,0.7036874890327454,0.5508989095687866,-0.1969567835330963,0.5169423818588257,21,0.7214032411575317,0.5959448218345642,0.05210834741592407,0.2794020473957062,22,0.7011788487434387,0.5464419722557068,-0.1831032931804657,0.4932897686958313,23,0.7108151316642761,0.6119604110717773,0.1400970220565796,0.9970465302467346,24,0.7283589243888855,0.6176228523254395,-0.14025689661502838,0.9964842796325684,25,0.7422863841056824,0.7405721545219421,0.16588781774044037,0.5384683012962341,26,0.7419112920761108,0.7498670816421509,-0.11953449994325638,0.6433007121086121,27,0.6956034302711487,0.8764455318450928,0.2400205135345459,0.6257330179214478,28,0.6836084723472595,0.8869932889938354,-0.02414132095873356,0.7089810967445374,29,0.670249879360199,0.8931372761726379,0.24020500481128693,0.6219879984855652,30,0.6547420024871826,0.8900071382522583,-0.017836377024650574,0.6432569026947021,31,0.7155981659889221,0.930982232093811,0.1650751233100891,0.6391619443893433,32,0.7064257264137268,0.9131892919540405,-0.11126837879419327,0.7039621472358704
16,0,0.7514698505401611,0.3406795263290405,0.1718531996011734,0.9872170090675354,1,0.7523123025894165,0.33057793974876404,0.13007214665412903,0.9843025207519531,2,0.7509126663208008,0.33072078227996826,0.1300232708454132,0.9820722341537476,3,0.7493936419487,0.3309119641780853,0.12998062372207642,0.9842408299446106,4,0.7576144337654114,0.3304702937602997,0.14435356855392456,0.9854429364204407,5,0.7598819136619568,0.33048850297927856,0.1443505883216858,0.9852714538574219,6,0.7621375918388367,0.3304973542690277,0.1440984308719635,0.9861856698989868,7,0.7494773268699646,0.3366164267063141,-0.02398841455578804,0.9815877676010132,8,0.7659200429916382,0.33608177304267883,0.03621388226747513,0.9834094047546387,9,0.7492831349372864,0.35137051343917847,0.12392359972000122,0.9856322407722473,10,0.7537352442741394,0.351749062538147,0.13942308723926544,0.9872020483016968,11,0.7291752099990845,0.4102776050567627,-0.15577107667922974,0.9957756400108337,12,0.770180344581604,0.40954262018203735,0.03348226100206375,0.9984247088432312,13,0.7317171096801758,0.5220460295677185,-0.21169514954090118,0.41368594765663147,14,0.7953324317932129,0.5220865607261658,0.02507559396326542,0.5832838416099548,15,0.7510040402412415,0.6288945078849792,-0.1782282143831253,0.28381192684173584,16,0.7769489288330078,0.6191405653953552,0.007389386650174856,0.504996657371521,17,0.7546535134315491,0.6443691849708557,-0.1964160054922104,0.2652639150619507,18,0.7706118226051331,0.6472463607788086,0.007746024988591671,0.47501102089881897,19,0.7561260461807251,0.6489369869232178,-0.1998348832130432,0.26736465096473694,20,0.7689821124076843,0.6492615938186646,-0.013879556208848953,0.47282925248146057,21,0.7554541230201721,0.6410452127456665,-0.18093585968017578,0.26695919036865234,22,0.7679384350776672,0.6398360729217529,-0.0037497428711503744,0.4515288472175598,23,0.7319033741950989,0.6294228434562683,-0.07777027785778046,0.9970932602882385,24,0.7792256474494934,0.6232782006263733,0.07781273871660233,0.9963798522949219,25,0.7431480288505554,0.7644456028938293,-0.020108729600906372,0.5566631555557251,26,0.7788115739822388,0.7527031302452087,0.1876152753829956,0.620602011680603,27,0.7303908467292786,0.9084713459014893,0.07413171231746674,0.6313993334770203,28,0.8047490119934082,0.8872902989387512,0.2900908291339874,0.6875240802764893,29,0.7400432229042053,0.9280283451080322,0.07891382277011871,0.6397017240524292,30,0.8078563809394836,0.9042876362800598,0.29635605216026306,0.6423771977424622,31,0.7228052020072937,0.932185173034668,-3.622133954195306e-05,0.6230325102806091,32,0.7834650874137878,0.9104522466659546,0.23601394891738892,0.6703670024871826
17,0,0.7971567511558533,0.3408973217010498,0.21103109419345856,0.9871763586997986,1,0.794541597366333,0.33088064193725586,0.1669856756925583,0.9841889142990112,2,0.7920358777046204,0.3309696316719055,0.16695842146873474,0.9820389151573181,3,0.7893705368041992,0.3310171961784363,0.1668921262025833,0.9841510653495789,4,0.802357017993927,0.3306673765182495,0.16950397193431854,0.9854859709739685,5,0.8054370880126953,0.3305957615375519,0.16948863863945007,0.9852755069732666,6,0.8086458444595337,0.33057674765586853,0.16924677789211273,0.9861506819725037,7,0.7847594022750854,0.33771398663520813,0.03688110038638115,0.9814163446426392,8,0.8113259673118591,0.3362295925617218,0.019399749115109444,0.9833657145500183,9,0.7938486337661743,0.3514704704284668,0.15717138350009918,0.9857340455055237,10,0.8011153340339661,0.35190093517303467,0.16246747970581055,0.9873302578926086,11,0.7672380208969116,0.4084435701370239,0.007024722173810005,0.9946209788322449,12,0.8203528523445129,0.4077439308166504,-0.0716460570693016,0.9982632994651794,13,0.7785628437995911,0.5219494104385376,-0.02333495393395424,0.3789345324039459,14,0.8381906747817993,0.518977165222168,-0.10769972205162048,0.5771786570549011,15,0.8026145696640015,0.6198620796203613,-0.05441474914550781,0.25810691714286804,16,0.8490150570869446,0.5959667563438416,-0.019143182784318924,0.4722500145435333,17,0.8042141199111938,0.6411824226379395,-0.06395271420478821,0.24194727838039398,18,0.851507306098938,0.6240609288215637,-0.016726888716220856,0.44466736912727356,19,0.8136650919914246,0.6423285603523254,-0.0791541114449501,0.24364493787288666,20,0.8426812887191772,0.6199859976768494,-0.06540480256080627,0.44118785858154297,21,0.8155841827392578,0.6332840323448181,-0.06374087184667587,0.2432936728000641,22,0.8429458737373352,0.6103253364562988,-0.035973332822322845,0.419410765171051,23,0.7773048877716064,0.6102403402328491,0.030083365738391876,0.9967916011810303,24,0.8243079781532288,0.6058504581451416,-0.030181270092725754,0.9962725639343262,25,0.7881321907043457,0.7245004177093506,0.06905528903007507,0.5526217222213745,26,0.8174846768379211,0.7376128435134888,0.03592446818947792,0.642092764377594,27,0.7772974371910095,0.8596040606498718,0.15038670599460602,0.6299369931221008,28,0.8157396912574768,0.8713529706001282,0.1209353432059288,0.7042922377586365,29,0.7709085941314697,0.8768506050109863,0.1530677080154419,0.6499676704406738,30,0.8095452189445496,0.8972115516662598,0.12769091129302979,0.6653240919113159,31,0.7819916009902954,0.8722943067550659,0.07671293616294861,0.6000771522521973,32,0.8279407620429993,0.8863131999969482,0.04553031548857689,0.660519003868103
18,0,0.7932789325714111,0.35005831718444824,0.23367466032505035,0.9880895018577576,1,0.7892858982086182,0.3406192660331726,0.18815234303474426,0.9854699969291687,2,0.7860550880432129,0.3409140110015869,0.18812233209609985,0.983467161655426,3,0.7826981544494629,0.34137922525405884,0.18799062073230743,0.985412061214447,4,0.7989330887794495,0.3399258255958557,0.19816601276397705,0.9866088628768921,5,0.8026804327964783,0.3395613133907318,0.19816970825195312,0.9863747358322144,6,0.8066903948783875,0.33932483196258545,0.1980418860912323,0.9871974587440491,7,0.7780629992485046,0.3491779863834381,0.036954473704099655,0.9829946756362915,8,0.8116582036018372,0.34519293904304504,0.06254579871892929,0.9846283793449402,9,0.7902302145957947,0.360287070274353,0.1792275309562683,0.9868661761283875,10,0.798278272151947,0.3606913983821869,0.19284796714782715,0.9882609248161316,11,0.7623047828674316,0.413994163274765,-0.0674247145652771,0.994876503944397,12,0.825019121170044,0.4116239547729492,0.03163831681013107,0.9977685809135437,13,0.7711948752403259,0.521298348903656,-0.09126793593168259,0.3827097713947296,14,0.8422130942344666,0.5123689770698547,-0.020445842295885086,0.5316210985183716,15,0.7890255451202393,0.5648748278617859,-0.04473651945590973,0.24110165238380432,16,0.8233274817466736,0.5661843419075012,-0.06812074035406113,0.42783886194229126,17,0.7903427481651306,0.5759192109107971,-0.058218084275722504,0.22584585845470428,18,0.8201810717582703,0.579698920249939,-0.07056714594364166,0.4037104845046997,19,0.7990508079528809,0.5668121576309204,-0.054967913776636124,0.22732913494110107,20,0.8106691241264343,0.5737167596817017,-0.08327935636043549,0.40033239126205444,21,0.8024525046348572,0.5619929432868958,-0.045674100518226624,0.22710765898227692,22,0.8088169097900391,0.5672990083694458,-0.07635343074798584,0.3807699978351593,23,0.7719531059265137,0.6042392253875732,-0.053085267543792725,0.9968394041061401,24,0.8351914286613464,0.5960485935211182,0.05309416353702545,0.9959349036216736,25,0.7973238825798035,0.7207956314086914,0.04581967741250992,0.5871967673301697,26,0.8223673701286316,0.7126128077507019,0.1794726401567459,0.6398191452026367,27,0.8133388161659241,0.851579487323761,0.14635036885738373,0.6509777307510376,28,0.8381474614143372,0.8285715579986572,0.3067494332790375,0.6927874088287354,29,0.8125752806663513,0.8708367347717285,0.15563395619392395,0.6764029264450073,30,0.8412919640541077,0.8516388535499573,0.32011517882347107,0.6744410991668701,31,0.7914924621582031,0.8523306250572205,0.09718693047761917,0.5908669233322144,32,0.8161109089851379,0.8320592641830444,0.2848637104034424,0.6252393126487732
19,0,0.7799273729324341,0.34903210401535034,0.2372555434703827,0.9886621236801147,1,0.7763204574584961,0.34014734625816345,0.19822566211223602,0.986445963382721,2,0.7733309864997864,0.3403647840023041,0.19822053611278534,0.9845215082168579,3,0.7702670097351074,0.3407737612724304,0.19807766377925873,0.9863684177398682,4,0.7848460078239441,0.33959320187568665,0.20163945853710175,0.9873589277267456,5,0.787860631942749,0.3392024040222168,0.20173703134059906,0.9869335293769836,6,0.7910248637199402,0.33892950415611267,0.20165400207042694,0.9877583384513855,7,0.7656413316726685,0.34821832180023193,0.05160611867904663,0.9842104911804199,8,0.7940495610237122,0.3446700870990753,0.06171110272407532,0.985252857208252,9,0.7761693596839905,0.3588966429233551,0.18992795050144196,0.9876728057861328,10,0.783717691898346,0.3591300845146179,0.19475004076957703,0.9887906312942505,11,0.7500688433647156,0.4065302908420563,-0.022311991080641747,0.9950929284095764,12,0.798331081867218,0.40448954701423645,0.017901284620165825,0.9974086284637451,13,0.7541369199752808,0.506210207939148,-0.021684037521481514,0.36292922496795654,14,0.8272603750228882,0.5092104077339172,0.0013729602796956897,0.502518355846405,15,0.7757165431976318,0.5437642335891724,0.044477738440036774,0.22351011633872986,16,0.8109627962112427,0.5589817762374878,0.0009651152067817748,0.3951575756072998,17,0.7849636673927307,0.5538496375083923,0.040461644530296326,0.21044714748859406,18,0.8103534579277039,0.5707075595855713,0.0029068198055028915,0.37505626678466797,19,0.784028172492981,0.5467849373817444,0.04565999284386635,0.21178919076919556,20,0.8007910251617432,0.5667976140975952,-0.006015850696712732,0.3711138665676117,21,0.7841151356697083,0.5424926280975342,0.0454561747610569,0.2114817202091217,22,0.798088788986206,0.5612512230873108,-0.0046745468862354755,0.35268720984458923,23,0.7585596442222595,0.5824447274208069,-0.04215012490749359,0.9969654083251953,24,0.8129640221595764,0.5787871479988098,0.04224700108170509,0.9958992600440979,25,0.7861242890357971,0.693211019039154,0.049140818417072296,0.5691765546798706,26,0.8072283267974854,0.685664713382721,0.17064306139945984,0.5922434329986572,27,0.8014284372329712,0.8139722943305969,0.14449983835220337,0.6212635636329651,28,0.8116573095321655,0.7988424897193909,0.3209676742553711,0.6437496542930603,29,0.7983694672584534,0.8305670619010925,0.15409903228282928,0.6785532236099243,30,0.8093245625495911,0.8248851299285889,0.3387424945831299,0.6632915139198303,31,0.7765925526618958,0.822547972202301,0.10479456931352615,0.5478357076644897,32,0.7924920916557312,0.8200065493583679,0.3112938404083252,0.5730425119400024
24,0,0.5074462890625,0.3599567115306854,-0.09422646462917328,0.9880301356315613,1,0.5152181386947632,0.35043275356292725,-0.11323527991771698,0.9857718348503113,2,0.51683509349823,0.3504610061645508,-0.11332734674215317,0.984440803527832,3,0.518374502658844,0.3506280779838562,-0.11336977034807205,0.9861774444580078,4,0.514163613319397,0.3502805233001709,-0.08007480204105377,0.985394299030304,5,0.5152339339256287,0.35018110275268555,-0.08003384619951248,0.9846599698066711,6,0.5165585875511169,0.3501741886138916,-0.0801057517528534,0.9852742552757263,7,0.527579665184021,0.35581621527671814,-0.1452723741531372,0.984194278717041,8,0.5274671912193298,0.35461556911468506,0.003589432220906019,0.9822481274604797,9,0.5132773518562317,0.3685360252857208,-0.10155360400676727,0.9869503378868103,10,0.5113832950592041,0.3687542676925659,-0.058627109974622726,0.986947238445282,11,0.5410419702529907,0.40696609020233154,-0.22461171448230743,0.9955536127090454,12,0.5354434847831726,0.40982502698898315,0.12835223972797394,0.9972565174102783,13,0.5561527609825134,0.4752201437950134,-0.3523726463317871,0.41693559288978577,14,0.5276599526405334,0.4714006781578064,0.24158887565135956,0.4549136459827423,15,0.5527310371398926,0.5252588391304016,-0.45543891191482544,0.2799551486968994,16,0.5241901874542236,0.5026967525482178,0.2426697015762329,0.36391231417655945,17,0.5621979236602783,0.5367782115936279,-0.49801015853881836,0.2676781713962555,18,0.5242517590522766,0.5134795904159546,0.25631842017173767,0.35031619668006897,19,0.5521946549415588,0.5320614576339722,-0.49270662665367126,0.2683035731315613,20,0.5213655829429626,0.5107643604278564,0.22283029556274414,0.3475220799446106,21,0.54967200756073,0.530466616153717,-0.4549417495727539,0.2608558237552643,22,0.5210605263710022,0.5072053074836731,0.22909672558307648,0.3305637240409851,23,0.5423409938812256,0.5638343691825867,-0.12060030549764633,0.9971166253089905,24,0.531131386756897,0.5611937046051025,0.12068352103233337,0.9959512948989868,25,0.5252038240432739,0.6587207913398743,-0.07608558982610703,0.6067802309989929,26,0.5198623538017273,0.6457934975624084,0.16310559213161469,0.5881449580192566,27,0.5580307841300964,0.7472352981567383,0.020308658480644226,0.6565190553665161,28,0.5576722025871277,0.7458231449127197,0.27489233016967773,0.6581124067306519,29,0.5695908069610596,0.7577749490737915,0.027846286073327065,0.7075913548469543,30,0.5696287155151367,0.7560417056083679,0.28212371468544006,0.6771895885467529,31,0.5397767424583435,0.7862823605537415,-0.03623967617750168,0.5899946093559265,32,0.5358885526657104,0.784853994846344,0.22658506035804749,0.6023365259170532
25,0,0.4618462920188904,0.3624671399593353,0.057086240500211716,0.9889344573020935,1,0.4647113084793091,0.35467028617858887,0.027153659611940384,0.9868598580360413,2,0.46437373757362366,0.3547435402870178,0.02712760493159294,0.9856299757957458,3,0.4639735221862793,0.3549237847328186,0.027103938162326813,0.9872161149978638,4,0.4680480360984802,0.35453787446022034,0.06121725216507912,0.9865404367446899,5,0.47016289830207825,0.3545073866844177,0.06123070791363716,0.9858196973800659,6,0.47244223952293396,0.3545640707015991,0.061104871332645416,0.98646080493927,7,0.4690101146697998,0.3592170774936676,-0.06715824455022812,0.9853261709213257,8,0.4816090762615204,0.35841333866119385,0.08632403612136841,0.9837213158607483,9,0.4639040231704712,0.3706657588481903,0.027140680700540543,0.987855851650238,10,0.46762144565582275,0.37107011675834656,0.07125413417816162,0.9879461526870728,11,0.4738534986972809,0.40707430243492126,-0.1761290431022644,0.995936393737793,12,0.4990425705909729,0.41094979643821716,0.15563637018203735,0.9974675178527832,13,0.4679136574268341,0.4789251983165741,-0.3243773281574249,0.44011807441711426,14,0.5172857642173767,0.47637295722961426,0.26189959049224854,0.4178882837295532,15,0.4666290581226349,0.5227011442184448,-0.4270559251308441,0.29805222153663635,16,0.519359290599823,0.5201137661933899,0.32520249485969543,0.33683687448501587,17,0.46902790665626526,0.5325422883033752,-0.46183595061302185,0.2914872467517853,18,0.5161334276199341,0.5333531498908997,0.34901973605155945,0.32718878984451294,19,0.472433477640152,0.5298925042152405,-0.4517791271209717,0.29059267044067383,20,0.5167863368988037,0.5306274890899658,0.32277339696884155,0.32504674792289734,21,0.4719928801059723,0.527824878692627,-0.42595213651657104,0.27416321635246277,22,0.5144437551498413,0.526732325553894,0.3159027695655823,0.3098486363887787,23,0.4800521731376648,0.5640437602996826,-0.1128476932644844,0.9972121715545654,24,0.4990294277667999,0.5607509613037109,0.1126716285943985,0.9961463212966919,25,0.4789297878742218,0.6632388234138489,-0.06869445741176605,0.6420568227767944,26,0.4916689097881317,0.6536130309104919,0.1401037871837616,0.6053327322006226,27,0.5036183595657349,0.7623206973075867,-0.010201559402048588,0.6889500021934509,28,0.5357836484909058,0.7479838728904724,0.19978278875350952,0.6771238446235657,29,0.5147059559822083,0.7706601619720459,-0.007270412053912878,0.7339760661125183,30,0.5543869733810425,0.7609673142433167,0.20190294086933136,0.6898382306098938,31,0.4527701139450073,0.7889549136161804,-0.08164413273334503,0.6274063587188721,32,0.4983517527580261,0.7849273085594177,0.1392979621887207,0.625913143157959
26,0,0.408884197473526,0.36983853578567505,0.05967619642615318,0.971898078918457,1,0.4102211594581604,0.36001670360565186,0.024455111473798752,0.9737391471862793,2,0.4097619354724884,0.3599565029144287,0.024420343339443207,0.9732271432876587,3,0.4092171788215637,0.36019131541252136,0.0243673212826252,0.9733135104179382,4,0.41333580017089844,0.36003777384757996,0.05727826803922653,0.9714174866676331,5,0.4153634011745453,0.3600519895553589,0.057313065975904465,0.9704195261001587,6,0.4171639680862427,0.3604007065296173,0.05717121437191963,0.9710320830345154,7,0.4127069115638733,0.36489230394363403,-0.08280549198389053,0.9666925668716431,8,0.42393600940704346,0.36670586466789246,0.06815604865550995,0.968595564365387,9,0.4110555946826935,0.3769286870956421,0.026587380096316338,0.9674265384674072,10,0.4143081605434418,0.3772798776626587,0.07008688896894455,0.9661093950271606,11,0.40923166275024414,0.4250156581401825,-0.17874489724636078,0.9961894750595093,12,0.46121856570243835,0.42835429310798645,0.14990924298763275,0.9970942139625549,13,0.3946690559387207,0.48252829909324646,-0.3129325211048126,0.4184934198856354,14,0.4595959484577179,0.4911099076271057,0.2573907673358917,0.37907928228378296,15,0.39885038137435913,0.5038237571716309,-0.4339679181575775,0.2946506440639496,16,0.43787235021591187,0.5232430100440979,0.3130687475204468,0.30863481760025024,17,0.4014827013015747,0.5062811970710754,-0.4731811583042145,0.2997641861438751,18,0.4357087314128876,0.5307239294052124,0.3337782323360443,0.3027149736881256,19,0.40681156516075134,0.5009018778800964,-0.4653654098510742,0.2991822361946106,20,0.430268257856369,0.529199481010437,0.3065367043018341,0.30045226216316223,21,0.4063183665275574,0.5016267895698547,-0.43398988246917725,0.2756252884864807,22,0.42991238832473755,0.5267558693885803,0.3035202622413635,0.2871825397014618,23,0.4227004945278168,0.5688994526863098,-0.11407601833343506,0.9973575472831726,24,0.45665955543518066,0.5680102705955505,0.11374037712812424,0.9959760308265686,25,0.4194585978984833,0.6657782196998596,-0.07016829401254654,0.6658805012702942,26,0.43590614199638367,0.6528483629226685,0.22802333533763885,0.5709437727928162,27,0.4438222348690033,0.7728777527809143,-0.01657150126993656,0.7114869356155396,28,0.45190104842185974,0.7410419583320618,0.32686200737953186,0.6438168883323669,29,0.45570915937423706,0.7858696579933167,-0.012166629545390606,0.7492333054542542,30,0.4633656144142151,0.7564879655838013,0.33618947863578796,0.6644362807273865,31,0.40268829464912415,0.7871871590614319,-0.07943107932806015,0.6478124856948853,32,0.4182869493961334,0.7588679790496826,0.3039657175540924,0.6032984256744385
27,0,0.364014208316803,0.36810269951820374,0.18622151017189026,0.9741272926330566,1,0.36297303438186646,0.35768744349479675,0.1480730026960373,0.9756606817245483,2,0.36150020360946655,0.35761502385139465,0.1480548232793808,0.9751554131507874,3,0.35989534854888916,0.35778215527534485,0.14802183210849762,0.9752058982849121,4,0.3679848313331604,0.3576936721801758,0.1661384105682373,0.9734843373298645,5,0.36993205547332764,0.35769617557525635,0.16612231731414795,0.9725330471992493,6,0.3718562424182892,0.358068585395813,0.16601233184337616,0.9731103777885437,7,0.361235111951828,0.3616572320461273,0.01232990063726902,0.9693595767021179,8,0.37626001238822937,0.36379459500312805,0.09141204506158829,0.9707487225532532,9,0.3647373914718628,0.37637612223625183,0.14205193519592285,0.9696788787841797,10,0.36856603622436523,0.37671515345573425,0.1643504947423935,0.9685497879981995,11,0.3552866280078888,0.4219924211502075,-0.11172094196081161,0.9964531660079956,12,0.3890402317047119,0.42094534635543823,0.11303459852933884,0.9971523284912109,13,0.3356463313102722,0.4922592043876648,-0.1754111349582672,0.42354410886764526,14,0.39657002687454224,0.48668384552001953,0.08492715656757355,0.3493349552154541,15,0.3404538631439209,0.5320542454719543,-0.15506014227867126,0.28242769837379456,16,0.3810058832168579,0.5228670835494995,0.03220375254750252,0.2859641909599304,17,0.34211674332618713,0.5426517128944397,-0.17431268095970154,0.2860049307346344,18,0.3756098449230194,0.5323858857154846,0.029673516750335693,0.28335335850715637,19,0.33840397000312805,0.5383664965629578,-0.17032907903194427,0.2853744328022003,20,0.371817409992218,0.5300064086914062,0.015028967522084713,0.2808797359466553,21,0.347887247800827,0.5374948978424072,-0.1550496518611908,0.2645195424556732,22,0.37102943658828735,0.5264984965324402,0.023009508848190308,0.2687128484249115,23,0.3574744760990143,0.5655618906021118,-0.09994285553693771,0.9975089430809021,24,0.39785870909690857,0.5669028162956238,0.09985726326704025,0.9962405562400818,25,0.3570929765701294,0.6629068851470947,-0.0769757553935051,0.6812567710876465,26,0.3718262314796448,0.6572851538658142,0.13228948414325714,0.544630765914917,27,0.40452659130096436,0.7574781179428101,-0.03072514198720455,0.7212667465209961,28,0.392373263835907,0.7517070770263672,0.1883580982685089,0.6324523687362671,29,0.4168049991130829,0.768918514251709,-0.025846457108855247,0.763978898525238,30,0.39705321192741394,0.7658116817474365,0.1915467083454132,0.6610817313194275,31,0.3892606496810913,0.7866211533546448,-0.06830289959907532,0.6522101759910583,32,0.3590085506439209,0.7761206030845642,0.14661885797977448,0.5839663147926331
28,0,0.3415928781032562,0.3594495952129364,-0.21319575607776642,0.9766969680786133,1,0.3462609052658081,0.3488956093788147,-0.20349261164665222,0.9780566096305847,2,0.348432332277298,0.3482021987438202,-0.20363125205039978,0.9776005744934082,3,0.350429505109787,0.347693532705307,-0.20369955897331238,0.9776480793952942,4,0.34071817994117737,0.3500853478908539,-0.18817347288131714,0.9760907888412476,5,0.3390134274959564,0.35019129514694214,-0.18810293078422546,0.9752141833305359,6,0.33738428354263306,0.35043004155158997,-0.1881302446126938,0.9757278561592102,7,0.3553924858570099,0.350676953792572,-0.10633924603462219,0.9723841547966003,8,0.340384840965271,0.35383495688438416,-0.04873068630695343,0.9735099077224731,9,0.347158819437027,0.36705282330513,-0.17842979729175568,0.9726733565330505,10,0.34043648838996887,0.36732882261276245,-0.15858733654022217,0.9716244339942932,11,0.3742089867591858,0.41076284646987915,-0.12838590145111084,0.9967880249023438,12,0.3490389883518219,0.41516852378845215,0.0776953175663948,0.9973601698875427,13,0.3529171645641327,0.49070340394973755,-0.14435820281505585,0.47158628702163696,14,0.3321690559387207,0.48586687445640564,0.12282630056142807,0.3452787697315216,15,0.3223285973072052,0.5340626239776611,-0.18229450285434723,0.3320448696613312,16,0.31101056933403015,0.5269757509231567,0.020252367481589317,0.2961170971393585,17,0.30631616711616516,0.550655722618103,-0.212371826171875,0.32901841402053833,18,0.30278486013412476,0.5440205931663513,0.003994480706751347,0.2939859628677368,19,0.3093196153640747,0.5498659610748291,-0.22525149583816528,0.3287695646286011,20,0.3003425896167755,0.543194055557251,-0.03373420611023903,0.2929804027080536,21,0.31480705738067627,0.5447792410850525,-0.18747751414775848,0.30588674545288086,22,0.3091602623462677,0.5387078523635864,0.0017688869265839458,0.28202056884765625,23,0.36398428678512573,0.5538772940635681,-0.06842689961194992,0.9975229501724243,24,0.34380456805229187,0.5561904907226562,0.06851610541343689,0.9961811900138855,25,0.3419797420501709,0.6563135385513306,-0.06596466898918152,0.6569532155990601,26,0.3335733413696289,0.6558018326759338,0.0664248913526535,0.5282080173492432,27,0.3575376272201538,0.7594133615493774,0.018831679597496986,0.7013561129570007,28,0.35391053557395935,0.7607486844062805,0.14721888303756714,0.6131111979484558,29,0.3564014136791229,0.7777633666992188,0.02031555399298668,0.7349817156791687,30,0.3422238826751709,0.7746299505233765,0.14937715232372284,0.6451734304428101,31,0.346603125333786,0.7854089140892029,-0.07026974856853485,0.6428176760673523,32,0.3214090168476105,0.7781112790107727,0.05140015110373497,0.5715388655662537
29,0,0.3445271849632263,0.35564979910850525,-0.31544169783592224,0.979023277759552,1,0.3513520658016205,0.3455890119075775,-0.3060470223426819,0.9802424311637878,2,0.35578328371047974,0.34537559747695923,-0.3061967194080353,0.9798318147659302,3,0.3601631820201874,0.3455130457878113,-0.30630069971084595,0.9798752665519714,4,0.3405904769897461,0.3470252752304077,-0.29265689849853516,0.9784706234931946,5,0.33674439787864685,0.3475886583328247,-0.2925972640514374,0.9776780009269714,6,0.33367204666137695,0.34818291664123535,-0.2926396429538727,0.9781392812728882,7,0.36707744002342224,0.3498154282569885,-0.21556317806243896,0.9751384258270264,8,0.3331279754638672,0.35202449560165405,-0.15862150490283966,0.9761319160461426,9,0.3514808714389801,0.3652253746986389,-0.28032824397087097,0.9754016399383545,10,0.3395511507987976,0.36519843339920044,-0.2635524868965149,0.974454939365387,11,0.3773941695690155,0.4125622808933258,-0.22539018094539642,0.9971058964729309,12,0.3290056586265564,0.4162121117115021,-0.005999919958412647,0.9975870847702026,13,0.3606513440608978,0.5008910298347473,-0.23384509980678558,0.5223222374916077,14,0.32068389654159546,0.5088033080101013,0.05119000002741814,0.3490540385246277,15,0.320592999458313,0.5651639699935913,-0.27432629466056824,0.39215824007987976,16,0.31252390146255493,0.5578330159187317,-0.05626867339015007,0.3163774013519287,17,0.31291165947914124,0.5891174077987671,-0.31228917837142944,0.3848767876625061,18,0.3077876567840576,0.5816404819488525,-0.0753026232123375,0.3119562864303589,19,0.3081676959991455,0.5924462080001831,-0.3245335519313812,0.38480955362319946,20,0.30550822615623474,0.5834209322929382,-0.11374808102846146,0.3128328323364258,21,0.31268590688705444,0.5833595395088196,-0.2790919840335846,0.36287248134613037,22,0.31199246644973755,0.5730757117271423,-0.0745483785867691,0.30255475640296936,23,0.35968372225761414,0.5717368721961975,-0.07221608608961105,0.9977371692657471,24,0.33716708421707153,0.5693287253379822,0.07220438122749329,0.9964333176612854,25,0.3397561013698578,0.6842936277389526,-0.04639920964837074,0.6845752000808716,26,0.3252793848514557,0.6672817468643188,0.11044465750455856,0.5353092551231384,27,0.33397921919822693,0.7914671301841736,0.13660745322704315,0.7206456065177917,28,0.33290624618530273,0.7628759741783142,0.30594125390052795,0.6198245286941528,29,0.34480932354927063,0.8040363192558289,0.14744813740253448,0.7378576993942261,30,0.33866456151008606,0.7771417498588562,0.3200434744358063,0.6436125636100769,31,0.3241741359233856,0.8186052441596985,0.030162347480654716,0.6658545136451721,32,0.32169029116630554,0.7921479344367981,0.21382461488246918,0.5897586941719055
30,0,0.3699679374694824,0.3554220199584961,-0.34399643540382385,0.9811084270477295,1,0.3755679726600647,0.34537720680236816,-0.31345003843307495,0.9821947813034058,2,0.37881290912628174,0.3452759385108948,-0.3135683536529541,0.9818114638328552,3,0.38186541199684143,0.3454588055610657,-0.3136352598667145,0.9818438291549683,4,0.365975558757782,0.3461959958076477,-0.325756698846817,0.9806035757064819,5,0.362233966588974,0.3465690314769745,-0.3258056044578552,0.9798864722251892,6,0.35859414935112,0.3470708727836609,-0.3259150981903076,0.9803066253662109,7,0.38634562492370605,0.3498699963092804,-0.160319522023201,0.9775273203849792,8,0.35339346528053284,0.35098421573638916,-0.19789983332157135,0.9784959554672241,9,0.37550997734069824,0.36544835567474365,-0.2796478569507599,0.9778334498405457,10,0.3646840751171112,0.3651385009288788,-0.29507899284362793,0.9769925475120544,11,0.3939696252346039,0.4177037179470062,0.01125856302678585,0.9972375631332397,12,0.33538147807121277,0.4165500998497009,-0.1886068880558014,0.9978041648864746,13,0.3948305547237396,0.498358815908432,0.050353262573480606,0.4923308491706848,14,0.3182658851146698,0.5122338533401489,-0.2021246999502182,0.4042830765247345,15,0.38169658184051514,0.5605337619781494,-0.07441333681344986,0.37096959352493286,16,0.3381724953651428,0.5703158974647522,-0.28934380412101746,0.3511335551738739,17,0.38051339983940125,0.5831249356269836,-0.10353076457977295,0.364225834608078,18,0.3395368158817291,0.5914893746376038,-0.3360113799571991,0.33559367060661316,19,0.3776785135269165,0.5812641382217407,-0.13611148297786713,0.36485329270362854,20,0.3467898666858673,0.5870502591133118,-0.3554918169975281,0.3367544710636139,21,0.37781259417533875,0.576784610748291,-0.09235701709985733,0.3449491262435913,22,0.34726476669311523,0.5791118741035461,-0.29826977849006653,0.32481807470321655,23,0.37458115816116333,0.5730478167533875,0.0650612935423851,0.9974990487098694,24,0.33623600006103516,0.5734474062919617,-0.06498636305332184,0.996587336063385,25,0.3732081353664398,0.6815943121910095,0.07148759812116623,0.6463680863380432,26,0.3481467068195343,0.697390079498291,-0.12582442164421082,0.5510755181312561,27,0.35721316933631897,0.7814102172851562,0.311557412147522,0.6769334673881531,28,0.3465222120285034,0.8141700625419617,0.034621745347976685,0.6377593874931335,29,0.34702587127685547,0.7927217483520508,0.3272910416126251,0.6992174386978149,30,0.34417855739593506,0.8268895149230957,0.043035540729761124,0.6350694298744202,31,0.378947377204895,0.8213050961494446,0.20699647068977356,0.6406999826431274,32,0.35755738615989685,0.8456134796142578,-0.12845955789089203,0.6069315075874329
31,0,0.37524789571762085,0.34938907623291016,-0.3540666997432709,0.9829975366592407,1,0.396211713552475,0.33919501304626465,-0.31633782386779785,0.9839751720428467,2,0.3991023302078247,0.3390252888202667,-0.3163333535194397,0.9836300611495972,3,0.4016475975513458,0.33895042538642883,-0.31636521220207214,0.9836590886116028,4,0.3947180211544037,0.33969059586524963,-0.3421073257923126,0.9825431704521179,5,0.3942290246486664,0.33989661931991577,-0.3421647548675537,0.98189777135849,6,0.39276212453842163,0.3402712345123291,-0.34213635325431824,0.9822759032249451,7,0.4106646478176117,0.34301504492759705,-0.1453193724155426,0.9797734618186951,8,0.38780277967453003,0.3448764979839325,-0.2484385073184967,0.9806463122367859,9,0.38669291138648987,0.3605571985244751,-0.28449544310569763,0.980048418045044,10,0.39119112491607666,0.3606417179107666,-0.3172603249549866,0.979292631149292,11,0.40022072196006775,0.41703295707702637,0.08174318075180054,0.997441291809082,12,0.3854818046092987,0.41434744000434875,-0.31095051765441895,0.998021125793457,13,0.39811843633651733,0.501605212688446,0.1382257342338562,0.44395047426223755,14,0.3841131031513214,0.5064988136291504,-0.3925177752971649,0.45375335216522217,15,0.40731844305992126,0.5645321011543274,0.05551574379205704,0.3368932008743286,16,0.4192076027393341,0.5518085956573486,-0.4254222512245178,0.37774649262428284,17,0.40755003690719604,0.584688663482666,0.04880151525139809,0.3324495851993561,18,0.43232807517051697,0.5689112544059753,-0.4695637822151184,0.35944220423698425,19,0.37860924005508423,0.5816745162010193,0.016967862844467163,0.33302485942840576,20,0.4430140256881714,0.5740785002708435,-0.4606873691082001,0.3596431016921997,21,0.3928905129432678,0.5753397941589355,0.03739393129944801,0.3151528537273407,22,0.4333752691745758,0.5638284087181091,-0.42230355739593506,0.3433471620082855,23,0.4047853350639343,0.5737596154212952,0.1296294778585434,0.9976500272750854,24,0.39154601097106934,0.5777746438980103,-0.12979944050312042,0.9969002604484558,25,0.39589691162109375,0.6774840354919434,0.2811717987060547,0.6419483423233032,26,0.40207424759864807,0.7028254866600037,-0.09338563680648804,0.5946881771087646,27,0.38163113594055176,0.7424353361129761,0.5166671872138977,0.6941731572151184,28,0.38786765933036804,0.7961788177490234,0.03215869143605232,0.6727737188339233,29,0.3690412640571594,0.7524216771125793,0.5345704555511475,0.7135250568389893,30,0.36218738555908203,0.8134783506393433,0.04043271020054817,0.6658754944801331,31,0.40503600239753723,0.7722395658493042,0.4924043118953705,0.6663995981216431,32,0.39196088910102844,0.844285786151886,-0.054023921489715576,0.6443620324134827
32,0,0.47346967458724976,0.35031893849372864,0.039018839597702026,0.9765673875808716,1,0.469344824552536,0.34034886956214905,0.05119026452302933,0.9776027798652649,2,0.4677947759628296,0.3404310345649719,0.051137179136276245,0.9750602841377258,3,0.46628251671791077,0.3406282961368561,0.05111030116677284,0.975083589553833,4,0.47167810797691345,0.340436190366745,0.003959090914577246,0.9761753678321838,5,0.4714679419994354,0.34060946106910706,0.0038276039995253086,0.9744909405708313,6,0.47091928124427795,0.3410528898239136,0.0035116313956677914,0.9756730198860168,7,0.45681139826774597,0.3439685106277466,0.09860732406377792,0.9636493921279907,8,0.4604925215244293,0.3458220362663269,-0.11563369631767273,0.9761022329330444,9,0.46926113963127136,0.360677033662796,0.06064383313059807,0.9760348796844482,10,0.4717419743537903,0.3608021140098572,-0.0013424113858491182,0.9773370027542114,11,0.40593984723091125,0.438899427652359,0.18043459951877594,0.996969997882843,12,0.44860342144966125,0.4246434271335602,-0.21865509450435638,0.9981246590614319,13,0.421303927898407,0.5263526439666748,0.177170991897583,0.4004848003387451,14,0.4557582139968872,0.516289472579956,-0.22726814448833466,0.4582945704460144,15,0.4751646816730499,0.5644934177398682,0.0927496999502182,0.3055294156074524,16,0.4840054214000702,0.5543079376220703,-0.1052572950720787,0.37251225113868713,17,0.48038187623023987,0.5798742175102234,0.07998870313167572,0.30272191762924194,18,0.48937687277793884,0.5687581300735474,-0.12263012677431107,0.35553303360939026,19,0.48711884021759033,0.5737864375114441,0.057768769562244415,0.3034210503101349,20,0.494575172662735,0.5646342039108276,-0.12138623744249344,0.353886216878891,21,0.4880353808403015,0.5680474042892456,0.07552237808704376,0.2873176336288452,22,0.48840969800949097,0.5581285357475281,-0.10337362438440323,0.3345375657081604,23,0.4454512596130371,0.6127942800521851,0.12228357046842575,0.9976730942726135,24,0.4270824193954468,0.617732048034668,-0.12243802100419998,0.9969662427902222,25,0.4691125750541687,0.7317887544631958,0.20146775245666504,0.6563480496406555,26,0.40893614292144775,0.7437615990638733,-0.06131613254547119,0.630232572555542,27,0.4740736186504364,0.8429370522499084,0.3761054277420044,0.7164913415908813,28,0.3849198520183563,0.84256511926651,0.1255454272031784,0.7031759023666382,29,0.4672014117240906,0.859110951423645,0.3875674903392792,0.7268573641777039,30,0.37413978576660156,0.8550863265991211,0.13943231105804443,0.6847441792488098,31,0.5019033551216125,0.8613412380218506,0.31114137172698975,0.6896885633468628,32,0.3934329152107239,0.865760326385498,0.03966118022799492,0.6752150058746338
33,0,0.5443426966667175,0.3453145921230316,-0.052524738013744354,0.9776737093925476,1,0.5368141531944275,0.334952175617218,-0.043788909912109375,0.9783902168273926,2,0.5350388884544373,0.3348030745983124,-0.04387129470705986,0.9758083820343018,3,0.5332030057907104,0.33470553159713745,-0.043877266347408295,0.9760883450508118,4,0.5386826395988464,0.33485257625579834,-0.05309109762310982,0.9772492051124573,5,0.5382891297340393,0.3346613347530365,-0.053479891270399094,0.9757120013237,6,0.5377678871154785,0.334578275680542,-0.05403653159737587,0.9769881367683411,7,0.5224409699440002,0.33779263496398926,0.04102868214249611,0.9634918570518494,8,0.5292071104049683,0.3383798897266388,-0.18732447922229767,0.9776912927627563,9,0.5398690700531006,0.35519012808799744,-0.024490926414728165,0.9769512414932251,10,0.5413441061973572,0.35510993003845215,-0.07026975601911545,0.9786717891693115,11,0.503802478313446,0.42384496331214905,0.19937247037887573,0.9967154264450073,12,0.5057858228683472,0.409422367811203,-0.3148331940174103,0.9982748031616211,13,0.4959107041358948,0.5160074234008789,0.25374382734298706,0.36180639266967773,14,0.5153918266296387,0.5088770985603333,-0.34782513976097107,0.5030312538146973,15,0.5336534380912781,0.5637331008911133,0.1807931810617447,0.2759470045566559,16,0.5586960315704346,0.534307062625885,-0.2522714138031006,0.4061987102031708,17,0.5414502620697021,0.5828862190246582,0.17704439163208008,0.27385213971138,18,0.5675016045570374,0.5465881824493408,-0.28561848402023315,0.38760510087013245,19,0.5463975071907043,0.5799044370651245,0.1445525735616684,0.2745024561882019,20,0.5714541673660278,0.5312979817390442,-0.28066596388816833,0.3840124011039734,21,0.5430569052696228,0.5726108551025391,0.160511776804924,0.2602711617946625,22,0.5685610175132751,0.5302061438560486,-0.2476879209280014,0.35936951637268066,23,0.5057961940765381,0.5971714854240417,0.16173526644706726,0.9976160526275635,24,0.49314332008361816,0.5989253520965576,-0.1618339568376541,0.9969708919525146,25,0.517448365688324,0.7254494428634644,0.25953322649002075,0.6164328455924988,26,0.5125974416732788,0.7283633351325989,-0.06691274791955948,0.656246542930603,27,0.49922239780426025,0.8465009331703186,0.4122966229915619,0.6994683146476746,28,0.49245867133140564,0.852022647857666,0.09790728241205215,0.7277897000312805,29,0.48746103048324585,0.8660074472427368,0.4199252128601074,0.7172577977180481,30,0.4787164628505707,0.8701314330101013,0.10857338458299637,0.7054867744445801,31,0.5293721556663513,0.8869394659996033,0.34429240226745605,0.6946243643760681,32,0.5279121398925781,0.8921719789505005,-0.00776179414242506,0.7030731439590454
34,0,0.5969198346138,0.346035897731781,0.06496233493089676,0.9793992638587952,1,0.5904925465583801,0.3352705240249634,0.07334261387586594,0.9797714948654175,2,0.5878764390945435,0.3356856107711792,0.07328634709119797,0.9772728085517883,3,0.5854363441467285,0.3360808789730072,0.07330767065286636,0.9776730537414551,4,0.5960342288017273,0.3357720673084259,0.028399785980582237,0.9788561463356018,5,0.5971696376800537,0.33575674891471863,0.028286054730415344,0.9774627089500427,6,0.5982312560081482,0.33589932322502136,0.027999568730592728,0.9786958694458008,7,0.5801706314086914,0.34069323539733887,0.10875347256660461,0.9646282196044922,8,0.5960798859596252,0.33949291706085205,-0.13536271452903748,0.979337751865387,9,0.5923343300819397,0.35588106513023376,0.08208529651165009,0.9783010482788086,10,0.5976113080978394,0.3557449281215668,0.022301632910966873,0.9801961779594421,11,0.5713678598403931,0.4231238067150116,0.2072848230600357,0.9966462850570679,12,0.5756205916404724,0.4111713767051697,-0.24808834493160248,0.9984272122383118,13,0.5523831248283386,0.5190500617027283,0.22814646363258362,0.3291532099246979,14,0.5755256414413452,0.5097888708114624,-0.2803986072540283,0.5378274917602539,15,0.5649256706237793,0.5766762495040894,0.14883556962013245,0.2504304349422455,16,0.5985677242279053,0.5595275163650513,-0.1999955028295517,0.427209734916687,17,0.5649068355560303,0.5974596738815308,0.14485512673854828,0.24905574321746826,18,0.6015126705169678,0.5775164365768433,-0.22757010161876678,0.40357235074043274,19,0.5714148879051208,0.5954412221908569,0.116182342171669,0.24972078204154968,20,0.6051084995269775,0.572325587272644,-0.2237226366996765,0.3978906571865082,21,0.5712555050849915,0.5866173505783081,0.1301811933517456,0.23707956075668335,22,0.6017715930938721,0.5662167072296143,-0.1965271681547165,0.36764100193977356,23,0.5746569633483887,0.5996779203414917,0.14843034744262695,0.9977899193763733,24,0.5762429237365723,0.5986407399177551,-0.14854393899440765,0.9972020983695984,25,0.5840981006622314,0.7261307835578918,0.15622897446155548,0.598696768283844,26,0.5729919672012329,0.7309725880622864,-0.1159939244389534,0.6848008036613464,27,0.589201807975769,0.8508589267730713,0.2783973217010498,0.7077144980430603,28,0.505313515663147,0.8400511145591736,0.018030362203717232,0.7518711686134338,29,0.5733802914619446,0.8698161244392395,0.2843421995639801,0.7227413654327393,30,0.4886930584907532,0.8531194925308228,0.026635970920324326,0.7220426797866821,31,0.6253830194473267,0.8894631862640381,0.20302987098693848,0.7069877982139587,32,0.5281077027320862,0.8863282203674316,-0.08871491253376007,0.7280843257904053
35,0,0.654504120349884,0.3457258641719818,0.04254996031522751,0.9811143279075623,1,0.65018630027771,0.33524957299232483,0.05343964323401451,0.9811385869979858,2,0.6479417085647583,0.33533307909965515,0.05337631702423096,0.9786416292190552,3,0.6457215547561646,0.3354361355304718,0.053340353071689606,0.9792196750640869,4,0.6552544236183167,0.3353635370731354,0.004042421001940966,0.9805477857589722,5,0.656535804271698,0.33525946736335754,0.003968602977693081,0.9792398810386658,6,0.6579957604408264,0.33528846502304077,0.0037034526467323303,0.9804486036300659,7,0.6391213536262512,0.3386930823326111,0.10684232413768768,0.9660319089889526,8,0.6574167013168335,0.33921635150909424,-0.12162204831838608,0.9809064269065857,9,0.6507986187934875,0.3550313711166382,0.0671873688697815,0.9799367189407349,10,0.6550553441047668,0.35528963804244995,0.0031096111051738262,0.981882631778717,11,0.6291952133178711,0.41218799352645874,0.22337831556797028,0.9963071346282959,12,0.6356240510940552,0.4042630195617676,-0.27395761013031006,0.9985663294792175,13,0.6425192356109619,0.5090451836585999,0.2619869112968445,0.30108898878097534,14,0.6432670950889587,0.4994014501571655,-0.3689216077327728,0.5811590552330017,15,0.697819709777832,0.5715201497077942,0.1717159003019333,0.2301775962114334,16,0.7130404114723206,0.5520926713943481,-0.34986305236816406,0.47625792026519775,17,0.7087571024894714,0.5838130116462708,0.16970239579677582,0.22967660427093506,18,0.727878212928772,0.5708400011062622,-0.38803794980049133,0.4510996341705322,19,0.7188973426818848,0.5815420746803284,0.13460354506969452,0.23055315017700195,20,0.7358120679855347,0.5631493926048279,-0.37294891476631165,0.44437578320503235,21,0.716164231300354,0.5643703937530518,0.15000297129154205,0.21956099569797516,22,0.7272340059280396,0.5577956438064575,-0.3432255983352661,0.4096423089504242,23,0.6357415914535522,0.5944474935531616,0.15435203909873962,0.9971793293952942,24,0.6244670748710632,0.5941234230995178,-0.15453994274139404,0.9968821406364441,25,0.6518364548683167,0.7200480699539185,0.18669287860393524,0.5859144926071167,26,0.6319246292114258,0.7328819036483765,-0.12511849403381348,0.7097398042678833,27,0.6429753303527832,0.8445900678634644,0.30220040678977966,0.7052913308143616,28,0.6108930110931396,0.8606470227241516,-0.009121461771428585,0.7730591297149658,29,0.6277865171432495,0.8611426949501038,0.3065241277217865,0.7213464379310608,30,0.5964105129241943,0.8793080449104309,-0.003818427911028266,0.7390236258506775,31,0.6773766279220581,0.8695006370544434,0.2259501814842224,0.7127657532691956,32,0.6427839398384094,0.88620525598526,-0.12902028858661652,0.75006502866745
36,0,0.7097351551055908,0.3462754786014557,0.23648715019226074,0.9818074107170105,1,0.7046266198158264,0.33640435338020325,0.22140759229660034,0.9816682934761047,2,0.7015793323516846,0.3364643454551697,0.2213897854089737,0.9790503978729248,3,0.6983086466789246,0.3366083800792694,0.22134362161159515,0.9797685742378235,4,0.7107796669006348,0.3364734947681427,0.19124454259872437,0.9812453389167786,5,0.7121058702468872,0.3364427089691162,0.1911834180355072,0.9798469543457031,6,0.7133741974830627,0.3365301191806793,0.19090822339057922,0.9810454845428467,7,0.6881823539733887,0.34059959650039673,0.1583271324634552,0.9662771224975586,8,0.711390495300293,0.3408571183681488,0.021426044404506683,0.9815851449966431,9,0.7037210464477539,0.35588306188583374,0.2186126857995987,0.9804394245147705,10,0.710144579410553,0.35600221157073975,0.17999425530433655,0.9827136397361755,11,0.6663618087768555,0.4081486761569977,0.19455783069133759,0.9959933161735535,12,0.7021328210830688,0.4028994143009186,-0.2152010202407837,0.9986430406570435,13,0.6686452031135559,0.5069276690483093,0.17775020003318787,0.2753966152667999,14,0.6976388692855835,0.49642929434776306,-0.21661002933979034,0.5826623439788818,15,0.6943342685699463,0.5653467178344727,0.10647016018629074,0.20886529982089996,16,0.7127789855003357,0.565827488899231,-0.18655359745025635,0.4516247808933258,17,0.6969701051712036,0.5811061859130859,0.09775722026824951,0.20871618390083313,18,0.7150365114212036,0.5894501209259033,-0.20889629423618317,0.42537426948547363,19,0.707084596157074,0.5790411233901978,0.07705410569906235,0.2095269411802292,20,0.7183839678764343,0.5899434089660645,-0.21141071617603302,0.4179169833660126,21,0.7079847455024719,0.5677816271781921,0.09079864621162415,0.1997496634721756,22,0.7150055170059204,0.5807860493659973,-0.1860952228307724,0.38341793417930603,23,0.6908882856369019,0.5893297791481018,0.12532494962215424,0.9972923994064331,24,0.7083906531333923,0.5904637575149536,-0.12533904612064362,0.9970268607139587,25,0.7135786414146423,0.7132987380027771,0.14751701056957245,0.5649393200874329,26,0.7107248306274414,0.7205919027328491,-0.08783901482820511,0.7229272127151489,27,0.6848198175430298,0.8291277885437012,0.29716622829437256,0.6881626844406128,28,0.6756057143211365,0.8407872319221497,0.018153803423047066,0.7834926247596741,29,0.6771840453147888,0.8464096188545227,0.277892529964447,0.710614800453186,30,0.6477355360984802,0.8541225790977478,0.024997958913445473,0.7451325058937073,31,0.7087297439575195,0.860126793384552,0.2152218520641327,0.6821560859680176,32,0.6939375400543213,0.8679884672164917,-0.07714211195707321,0.7476985454559326
37,0,0.7312414050102234,0.34582623839378357,0.18286773562431335,0.9833799600601196,1,0.7314006686210632,0.3366176187992096,0.14599043130874634,0.9831700921058655,2,0.7298333048820496,0.33667686581611633,0.1459650844335556,0.9807735681533813,3,0.7280433773994446,0.3368097245693207,0.14592906832695007,0.9814713597297668,4,0.7374264597892761,0.3366151452064514,0.16645607352256775,0.9827504754066467,5,0.7400044798851013,0.33659353852272034,0.16647690534591675,0.9814371466636658,6,0.7424495220184326,0.3366467356681824,0.16631875932216644,0.982561469078064,7,0.729796826839447,0.34112128615379333,0.031288743019104004,0.9693572521209717,8,0.7469920516014099,0.3412889838218689,0.09540160000324249,0.9829344749450684,9,0.7304695248603821,0.3549771010875702,0.13769447803497314,0.9821093082427979,10,0.7368612885475159,0.3551267385482788,0.1632421910762787,0.9841274619102478,11,0.7201768159866333,0.40292954444885254,-0.12700578570365906,0.9963287711143494,12,0.7572189569473267,0.404058039188385,0.10416561365127563,0.9985033273696899,13,0.7301591634750366,0.5070949196815491,-0.1878311187028885,0.3069329261779785,14,0.780666708946228,0.5013768672943115,0.11909782141447067,0.5346641540527344,15,0.7370818853378296,0.5920713543891907,-0.15403282642364502,0.22535718977451324,16,0.7591627836227417,0.5779779553413391,0.10881182551383972,0.41411495208740234,17,0.7363260984420776,0.6082324385643005,-0.17297421395778656,0.21809375286102295,18,0.7576091289520264,0.5999345183372498,0.11479832231998444,0.39070039987564087,19,0.740171492099762,0.6100814342498779,-0.1681801676750183,0.21713688969612122,20,0.7565426826477051,0.5958144068717957,0.09180363267660141,0.3836202025413513,21,0.7418498992919922,0.6009359955787659,-0.1529512256383896,0.20650485157966614,22,0.7505064606666565,0.5934380888938904,0.09683013707399368,0.35234692692756653,23,0.7355027794837952,0.5882740616798401,-0.08019271492958069,0.9971483945846558,24,0.7629737257957458,0.5891436338424683,0.0803181454539299,0.9965224862098694,25,0.7432284355163574,0.711642324924469,-0.05181217938661575,0.5579354166984558,26,0.7722452282905579,0.7176317572593689,0.12894262373447418,0.6764232516288757,27,0.7190644145011902,0.8371615409851074,0.012579874135553837,0.6691392064094543,28,0.7981250882148743,0.8305642008781433,0.19670091569423676,0.7318412661552429,29,0.7410920262336731,0.8606187701225281,0.01409357413649559,0.7068433165550232,30,0.7960693836212158,0.8461093306541443,0.19992448389530182,0.7134532928466797,31,0.7159879803657532,0.8614795804023743,-0.0755007266998291,0.6485087871551514,32,0.7605010271072388,0.8624368906021118,0.12912403047084808,0.6934029459953308
38,0,0.7981627583503723,0.3451453745365143,0.17225240170955658,0.984785795211792,1,0.7935796976089478,0.33587828278541565,0.16240356862545013,0.9846045970916748,2,0.7908475995063782,0.33602598309516907,0.16236688196659088,0.9824156165122986,3,0.7880526185035706,0.3363182246685028,0.16230665147304535,0.9830851554870605,4,0.800927460193634,0.3355492353439331,0.13785657286643982,0.984234094619751,5,0.803413987159729,0.3354026675224304,0.1378379762172699,0.9830247759819031,6,0.8058314919471741,0.33535662293434143,0.1376807689666748,0.9840676784515381,7,0.7807495594024658,0.3412702679634094,0.110557422041893,0.9721155762672424,8,0.804394006729126,0.3403553068637848,0.012909195385873318,0.9843891859054565,9,0.7927355170249939,0.3546917140483856,0.15812675654888153,0.9835457801818848,10,0.8007007241249084,0.3546213209629059,0.12717470526695251,0.9854211211204529,11,0.7539661526679993,0.402662456035614,0.12584999203681946,0.9962229132652283,12,0.7964550256729126,0.4010798931121826,-0.11314775049686432,0.9985994696617126,13,0.7537118792533875,0.5030266642570496,0.12035587430000305,0.28338196873664856,14,0.7931104302406311,0.5004749298095703,-0.17949305474758148,0.5597009658813477,15,0.7767983078956604,0.5667760968208313,0.10763304680585861,0.2042955905199051,16,0.8198568224906921,0.5676680207252502,-0.15870173275470734,0.41004666686058044,17,0.7876061797142029,0.5885671973228455,0.11660321801900864,0.19807276129722595,18,0.8265268206596375,0.5862685441970825,-0.1744314432144165,0.3840574026107788,19,0.7947297096252441,0.591407299041748,0.09870533645153046,0.19711367785930634,20,0.8271157741546631,0.5827853679656982,-0.15675820410251617,0.37524718046188354,21,0.7962131500244141,0.5899361371994019,0.09759975969791412,0.1876717209815979,22,0.8218929171562195,0.5787013173103333,-0.15225011110305786,0.341543048620224,23,0.7701233625411987,0.5868115425109863,0.08951421827077866,0.9967756271362305,24,0.8084673881530762,0.5881836414337158,-0.08965056389570236,0.9963523745536804,25,0.7761958241462708,0.7010909914970398,0.09450000524520874,0.5313628315925598,26,0.8059647679328918,0.714069128036499,-0.04966739937663078,0.6989989876747131,27,0.7647494673728943,0.8236700296401978,0.12317899614572525,0.6462034583091736,28,0.8064672946929932,0.8275453448295593,-0.05318523943424225,0.7491505146026611,29,0.7546924948692322,0.8455483913421631,0.12207064032554626,0.6926831007003784,30,0.7882217168807983,0.8486711382865906,-0.054638080298900604,0.7290918827056885,31,0.7887642979621887,0.8365957736968994,0.048243023455142975,0.6285982131958008,32,0.8364587426185608,0.8591695427894592,-0.13047832250595093,0.7037724852561951
39,0,0.7796300053596497,0.3501488268375397,0.16093994677066803,0.9859330058097839,1,0.7790272235870361,0.3418169915676117,0.13334813714027405,0.9856947660446167,2,0.7773245573043823,0.34201040863990784,0.13330359756946564,0.983642578125,3,0.7754814028739929,0.3423815071582794,0.13326242566108704,0.9842960238456726,4,0.7847291827201843,0.34141841530799866,0.13808897137641907,0.9853359460830688,5,0.7871964573860168,0.34129494428634644,0.1380661278963089,0.9842178225517273,6,0.7898512482643127,0.34131351113319397,0.13789696991443634,0.9852085709571838,7,0.772296130657196,0.3474786877632141,0.050229668617248535,0.9743194580078125,8,0.7940754294395447,0.34638577699661255,0.04956672340631485,0.9850983619689941,9,0.7780551314353943,0.3584367334842682,0.1294722557067871,0.9846742153167725,10,0.7838833928108215,0.35876357555389404,0.1344299465417862,0.986312747001648,11,0.7592265009880066,0.403848260641098,-0.08157094568014145,0.9964842796325684,12,0.7968529462814331,0.402122437953949,0.056280504912137985,0.9983104467391968,13,0.7535692453384399,0.502082347869873,-0.13143011927604675,0.3133062422275543,14,0.8053700923919678,0.4944719076156616,0.0045318822376430035,0.5241370797157288,15,0.7626329064369202,0.5669612884521484,-0.1360844522714615,0.21859580278396606,16,0.7884610295295715,0.5622597336769104,-0.08119475841522217,0.38959527015686035,17,0.7533833384513855,0.5860510468482971,-0.15350231528282166,0.20683807134628296,18,0.7837191820144653,0.5837643146514893,-0.08464585989713669,0.36675047874450684,19,0.764704167842865,0.5856595635414124,-0.15191572904586792,0.2053893357515335,20,0.7793315052986145,0.5801905989646912,-0.099320188164711,0.3575415015220642,21,0.7696378827095032,0.5816963315010071,-0.1374308317899704,0.1951344758272171,22,0.7784246206283569,0.5773311853408813,-0.09161770343780518,0.3252681791782379,23,0.7615188360214233,0.5846036672592163,-0.08389215916395187,0.9968220591545105,24,0.7959908246994019,0.5778655409812927,0.08383212983608246,0.9959119558334351,25,0.7827804088592529,0.6966564655303955,-0.05863292142748833,0.56246417760849,26,0.7972071766853333,0.6863635182380676,0.13710682094097137,0.6560477018356323,27,0.7984179258346558,0.8225469589233398,-0.022439591586589813,0.6653287410736084,28,0.796862006187439,0.7926395535469055,0.21022534370422363,0.7121016383171082,29,0.8042157888412476,0.843574047088623,-0.023199237883090973,0.7101117372512817,30,0.8027680516242981,0.8127444386482239,0.21484075486660004,0.7083159685134888,31,0.7665477991104126,0.8262543678283691,-0.11127527803182602,0.6373986601829529,32,0.7753167748451233,0.8052008748054504,0.15578597784042358,0.6721498966217041
40,0,0.7483664751052856,0.3501721918582916,0.16668404638767242,0.9870445728302002,1,0.7459595799446106,0.3425217568874359,0.13935288786888123,0.9867983460426331,2,0.7440943717956543,0.34274739027023315,0.13933885097503662,0.9848705530166626,3,0.7421010136604309,0.3431102931499481,0.13924840092658997,0.9855402708053589,4,0.7516251802444458,0.3420504629611969,0.1416768878698349,0.9864606261253357,5,0.7536221146583557,0.3419148325920105,0.14177195727825165,0.9853644967079163,6,0.7555113434791565,0.34191861748695374,0.14168044924736023,0.9863325357437134,7,0.7405291795730591,0.347811758518219,0.047549545764923096,0.9765207767486572,8,0.7570613026618958,0.3468244969844818,0.046006862074136734,0.9859340190887451,9,0.7463284134864807,0.35854974389076233,0.1351211816072464,0.9859222173690796,10,0.7515825033187866,0.35883861780166626,0.13784220814704895,0.9873038530349731,11,0.7311071157455444,0.40319645404815674,-0.043597519397735596,0.9967188239097595,12,0.7565340399742126,0.4026056230068207,0.03128383308649063,0.9981422424316406,13,0.7641516923904419,0.4929257929325104,-0.060919374227523804,0.31950467824935913,14,0.7740921974182129,0.4903402626514435,0.015493479557335377,0.5013573169708252,15,0.7767965197563171,0.549820601940155,-0.11185970902442932,0.21097473800182343,16,0.7844968438148499,0.5594655275344849,0.015127546153962612,0.3735075294971466,17,0.7771827578544617,0.5653001666069031,-0.09985394775867462,0.1975863128900528,18,0.7855099439620972,0.5759904980659485,0.015608519315719604,0.352125346660614,19,0.7816185355186462,0.5674986243247986,-0.0653216615319252,0.1959826797246933,20,0.7788637280464172,0.5748485326766968,0.004498807713389397,0.3426879644393921,21,0.7823216319084167,0.5627455115318298,-0.07728476077318192,0.18702226877212524,22,0.7762297987937927,0.5705860257148743,0.008242527022957802,0.3113819360733032,23,0.7438282370567322,0.5657511353492737,-0.060089390724897385,0.9969027042388916,24,0.7606748938560486,0.5625970959663391,0.06005746126174927,0.9957404732704163,25,0.7592911124229431,0.6673105955123901,-0.007125891279429197,0.5704400539398193,26,0.7661866545677185,0.6583772301673889,0.1468166708946228,0.6116296648979187,27,0.7838562726974487,0.782138466835022,0.07763446867465973,0.658099889755249,28,0.7890456318855286,0.7654301524162292,0.2707604765892029,0.6713407635688782,29,0.7863186597824097,0.7999155521392822,0.08243418484926224,0.7051261067390442,30,0.7841970324516296,0.7784151434898376,0.2826851010322571,0.6887407898902893,31,0.7550669312477112,0.7953512668609619,0.003207910107448697,0.6169455051422119,32,0.7674509882926941,0.779933750629425,0.23572276532649994,0.6322060823440552
50,0,0.37636396288871765,0.35685330629348755,-0.19526053965091705,0.9881302714347839,1,0.3753020763397217,0.3472874164581299,-0.17267850041389465,0.9877636432647705,2,0.37620702385902405,0.3472062647342682,-0.17274484038352966,0.9858944416046143,3,0.3770550489425659,0.3471726179122925,-0.1727788746356964,0.9865067005157471,4,0.37086039781570435,0.34721431136131287,-0.19549447298049927,0.9873905777931213,5,0.3685406744480133,0.34719324111938477,-0.19552959501743317,0.9863455295562744,6,0.36617445945739746,0.3473377823829651,-0.1955806463956833,0.9872433543205261,7,0.3732370138168335,0.3514517545700073,-0.048242274671792984,0.9779271483421326,8,0.35746660828590393,0.3525276780128479,-0.15042786300182343,0.9866575002670288,9,0.37691593170166016,0.36711233854293823,-0.14631666243076324,0.9867010116577148,10,0.3704712688922882,0.36722803115844727,-0.1758226901292801,0.987754762172699,11,0.37344714999198914,0.4130679965019226,0.07104920595884323,0.9966490268707275,12,0.34259647130966187,0.41542884707450867,-0.17845416069030762,0.9981157183647156,13,0.36308160424232483,0.4829055666923523,0.11072350293397903,0.29719626903533936,14,0.3405890166759491,0.4632788300514221,-0.30178433656692505,0.5367355346679688,15,0.3655035197734833,0.5320191383361816,0.05850806087255478,0.19790254533290863,16,0.3627387285232544,0.4130036234855652,-0.4104216396808624,0.41508573293685913,17,0.36867421865463257,0.5512141585350037,0.049732428044080734,0.18608546257019043,18,0.3635598123073578,0.41216570138931274,-0.4509766399860382,0.3913613557815552,19,0.36754748225212097,0.5494492650032043,0.029953891411423683,0.184782013297081,20,0.3622429370880127,0.40579819679260254,-0.4466254711151123,0.381769597530365,21,0.3648100197315216,0.5422185063362122,0.047369617968797684,0.1774500161409378,22,0.36130648851394653,0.4094966650009155,-0.4110710620880127,0.34818002581596375,23,0.36692339181900024,0.5523611307144165,0.08128944039344788,0.9967703223228455,24,0.35019686818122864,0.5507851839065552,-0.08134699612855911,0.9957458972930908,25,0.3670065999031067,0.6480656862258911,0.11722138524055481,0.5361718535423279,26,0.35241684317588806,0.6519413590431213,-0.04249831289052963,0.6053981781005859,27,0.35113582015037537,0.7316374182701111,0.2615254819393158,0.6245158910751343,28,0.3429493308067322,0.7444719672203064,0.09571102261543274,0.6666167378425598,29,0.33994174003601074,0.7458150386810303,0.26959964632987976,0.6728683114051819,30,0.33412662148475647,0.7595598697662354,0.10429386794567108,0.6713975667953491,31,0.3833889961242676,0.753371000289917,0.18861159682273865,0.5999192595481873,32,0.37165898084640503,0.7708967924118042,0.00014181187725625932,0.6352932453155518
51,0,0.40929508209228516,0.3645133674144745,0.015230048447847366,0.9889457821846008,1,0.4067648947238922,0.35494735836982727,0.021784896031022072,0.9885111451148987,2,0.4059435725212097,0.3550357520580292,0.02173524908721447,0.9866613745689392,3,0.40522390604019165,0.3552972972393036,0.021708399057388306,0.9872874617576599,4,0.4087029695510864,0.3546423614025116,-0.013364461250603199,0.9882354140281677,5,0.4092542827129364,0.35449424386024475,-0.013423770666122437,0.9871716499328613,6,0.40994611382484436,0.3544837236404419,-0.013655994087457657,0.988097608089447,7,0.39905431866645813,0.3602107763290405,0.05124983564019203,0.9791849255561829,8,0.4064546227455139,0.35951200127601624,-0.10608191788196564,0.9875625967979431,9,0.4067946672439575,0.37319329380989075,0.029636194929480553,0.9876260161399841,10,0.4083043038845062,0.37330010533332825,-0.016062285751104355,0.9887052774429321,11,0.37775343656539917,0.4222210645675659,0.12232751399278641,0.9961600303649902,12,0.3844057321548462,0.4168659448623657,-0.20352308452129364,0.9982599020004272,13,0.3696417212486267,0.5085873007774353,0.12622688710689545,0.2706611454486847,14,0.3745700418949127,0.5029000639915466,-0.23761451244354248,0.5558008551597595,15,0.3813996911048889,0.5663036704063416,0.07136352360248566,0.1823754459619522,16,0.38078728318214417,0.5651254653930664,-0.15988247096538544,0.4281807541847229,17,0.3840329647064209,0.5844557881355286,0.06649792194366455,0.17199252545833588,18,0.37975624203681946,0.5831634998321533,-0.1809340864419937,0.3987016975879669,19,0.38601920008659363,0.5832943320274353,0.04494038224220276,0.170864075422287,20,0.3858054280281067,0.5825011730194092,-0.18011415004730225,0.3873665928840637,21,0.3847253620624542,0.57648766040802,0.05734878405928612,0.16451996564865112,22,0.3843280076980591,0.5769346952438354,-0.15818627178668976,0.351184606552124,23,0.3868997097015381,0.573032796382904,0.0908481627702713,0.9960188865661621,24,0.3763023614883423,0.5703749656677246,-0.09081854671239853,0.9957239627838135,25,0.40913155674934387,0.6573811769485474,0.1483459323644638,0.5305388569831848,26,0.3723708391189575,0.6832931041717529,-0.08798690885305405,0.6341936588287354,27,0.4070904552936554,0.7371906042098999,0.3153360188007355,0.6057798266410828,28,0.3429500460624695,0.7991085052490234,0.018380653113126755,0.6891862750053406,29,0.3999808430671692,0.7484077215194702,0.32598361372947693,0.6532992124557495,30,0.33494266867637634,0.8107951879501343,0.024096500128507614,0.6716408729553223,31,0.4300383925437927,0.7686885595321655,0.26250672340393066,0.587825357913971,32,0.36514732241630554,0.8123776316642761,-0.09320081770420074,0.6511699557304382
53,0,0.5177314877510071,0.5160332918167114,0.008868500590324402,0.9880242943763733,1,0.5109928846359253,0.5058425068855286,0.014761016704142094,0.9882909655570984,2,0.5110282897949219,0.5062694549560547,0.014685100875794888,0.9859042763710022,3,0.515205442905426,0.5078420042991638,0.014553042128682137,0.987159013748169,4,0.5108759999275208,0.5054385662078857,-0.006058291532099247,0.9877371788024902,5,0.510737419128418,0.5055618286132812,-0.006073978263884783,0.9861118197441101,6,0.5123685002326965,0.5088319182395935,-0.006227994803339243,0.9874348640441895,7,0.5103099346160889,0.5091717839241028,0.06670079380273819,0.9791638851165771,8,0.5067110061645508,0.5104243755340576,-0.026274189352989197,0.9860736727714539,9,0.5174360275268555,0.521800696849823,0.03320148214697838,0.9871705174446106,10,0.5163875222206116,0.5227254033088684,0.005891535431146622,0.9874046444892883,11,0.5160730481147766,0.5432363748550415,0.14776822924613953,0.9963117837905884,12,0.5005069971084595,0.5299102067947388,-0.06517456471920013,0.9982901811599731,13,0.5354853272438049,0.5681616067886353,0.26288914680480957,0.2504609525203705,14,0.5248905420303345,0.5119199752807617,-0.03745608776807785,0.567411482334137,15,0.5520744919776917,0.5550113320350647,0.2769373059272766,0.17682506144046783,16,0.5199073553085327,0.4699733257293701,0.08503228425979614,0.44476932287216187,17,0.553307294845581,0.5534108877182007,0.29259830713272095,0.1732994019985199,18,0.518204927444458,0.4592178761959076,0.08149335533380508,0.41816210746765137,19,0.5560179948806763,0.5495473146438599,0.26403483748435974,0.17321492731571198,20,0.5130981206893921,0.4584563374519348,0.0754440426826477,0.40692922472953796,21,0.5558071136474609,0.5493336319923401,0.2655046582221985,0.16666331887245178,22,0.5145835876464844,0.46209046244621277,0.08449231833219528,0.3704085052013397,23,0.49773848056793213,0.6513416767120361,0.08071669936180115,0.9963857531547546,24,0.4938422739505768,0.6469325423240662,-0.08079275488853455,0.9961236119270325,25,0.5131577253341675,0.7455228567123413,0.028545526787638664,0.5466957092285156,26,0.47281908988952637,0.7503229975700378,-0.13507701456546783,0.6684907674789429,27,0.5315200090408325,0.7484577894210815,0.11255601048469543,0.6207811236381531,28,0.43670159578323364,0.8368508815765381,-0.09747306257486343,0.7196590304374695,29,0.5273917317390442,0.7470507025718689,0.11862390488386154,0.6694632172584534,30,0.422349750995636,0.846717357635498,-0.09702760726213455,0.7032479047775269,31,0.5489952564239502,0.7629239559173584,0.07946497946977615,0.6062659621238708,32,0.4601408839225769,0.8676862120628357,-0.17404814064502716,0.6845801472663879
57,0,0.7317726612091064,0.3532435894012451,0.10855129361152649,0.986892580986023,1,0.726515531539917,0.34408122301101685,0.10485032945871353,0.9871737360954285,2,0.7236418724060059,0.34427595138549805,0.1047901064157486,0.9847284555435181,3,0.7209523916244507,0.34453582763671875,0.1047639474272728,0.9860519766807556,4,0.7336037158966064,0.34332340955734253,0.07038754224777222,0.9858792424201965,5,0.7352634072303772,0.34295469522476196,0.070335753262043,0.9837614893913269,6,0.7368921041488647,0.3426242470741272,0.07008487731218338,0.9849830269813538,7,0.7120415568351746,0.34881412982940674,0.09030821919441223,0.9771791100502014,8,0.7315149307250977,0.3476436734199524,-0.06519424915313721,0.9847428798675537,9,0.7249364852905273,0.3610699772834778,0.10822036117315292,0.9858255386352539,10,0.7321224808692932,0.36110514402389526,0.06337247788906097,0.9866244792938232,11,0.6805312037467957,0.41456395387649536,0.14505159854888916,0.9963528513908386,12,0.7207479476928711,0.4096248745918274,-0.1987219601869583,0.9983423948287964,13,0.6745408177375793,0.502051830291748,0.14034777879714966,0.2370283156633377,14,0.7267326712608337,0.48492199182510376,-0.22756977379322052,0.553508460521698,15,0.7160528302192688,0.5588832497596741,0.089899443089962,0.16393841803073883,16,0.737395703792572,0.5107963681221008,-0.13450674712657928,0.41810765862464905,17,0.7262028455734253,0.5724124312400818,0.08511683344841003,0.1608416885137558,18,0.7398048639297485,0.5198119878768921,-0.14364397525787354,0.3938925564289093,19,0.7323339581489563,0.5702903270721436,0.06585244834423065,0.16077910363674164,20,0.7400392889976501,0.5142871141433716,-0.138085275888443,0.38278928399086,21,0.7287778258323669,0.5645049810409546,0.07610777020454407,0.15517202019691467,22,0.736333429813385,0.5116491913795471,-0.13053448498249054,0.34882575273513794,23,0.7160606980323792,0.582592785358429,0.1249590590596199,0.996331512928009,24,0.7306931614875793,0.5843968391418457,-0.12506425380706787,0.9960557222366333,25,0.746163010597229,0.6756415367126465,0.16443683207035065,0.5238240361213684,26,0.7531161308288574,0.6930307149887085,-0.09403294324874878,0.6866856813430786,27,0.7279595732688904,0.7865850329399109,0.2554773986339569,0.6106826663017273,28,0.7269416451454163,0.8009264469146729,0.012604995630681515,0.7332125902175903,29,0.7186509370803833,0.7978253960609436,0.25858789682388306,0.6581999063491821,30,0.716052234172821,0.8106226921081543,0.02111089788377285,0.7050942182540894,31,0.7505846619606018,0.8152896165847778,0.20988641679286957,0.5976844429969788,32,0.7448036670684814,0.8273604512214661,-0.050215333700180054,0.6936682462692261
58,0,0.7317677736282349,0.3534378111362457,0.23929090797901154,0.9880891442298889,1,0.7268357872962952,0.34475177526474,0.21147000789642334,0.9883776903152466,2,0.7240633368492126,0.3449952304363251,0.21145839989185333,0.9861608743667603,3,0.7214460372924805,0.3453654944896698,0.21133075654506683,0.9873635768890381,4,0.7343554496765137,0.3441300690174103,0.21255238354206085,0.9871825575828552,5,0.73681640625,0.34391307830810547,0.21265962719917297,0.9852311611175537,6,0.7395593523979187,0.3438085615634918,0.21261580288410187,0.9863278865814209,7,0.7175085544586182,0.35037755966186523,0.10567781329154968,0.9794248938560486,8,0.7420539855957031,0.34886395931243896,0.10628817975521088,0.9861369132995605,9,0.7262250185012817,0.3613121509552002,0.20588918030261993,0.9871601462364197,10,0.7339820861816406,0.3613486886024475,0.20650668442249298,0.9878571033477783,11,0.6958962082862854,0.4118988513946533,0.037643224000930786,0.9966354966163635,12,0.7496815919876099,0.40882447361946106,0.062195051461458206,0.9981623888015747,13,0.6863920092582703,0.5019425749778748,-0.0046511744149029255,0.25793445110321045,14,0.7640193104743958,0.4893024265766144,-0.034685540944337845,0.5314834117889404,15,0.7196124792098999,0.5565844774246216,0.01827564835548401,0.15357504785060883,16,0.7561428546905518,0.5418983101844788,-0.11643321067094803,0.3860609531402588,17,0.7267313599586487,0.5714110732078552,0.004233445972204208,0.1497969627380371,18,0.7537775039672852,0.5609528422355652,-0.12970586121082306,0.3645930290222168,19,0.7353841066360474,0.5695040225982666,0.005654289852827787,0.14965946972370148,20,0.7478872537612915,0.5616335868835449,-0.1320616453886032,0.3534601926803589,21,0.7347578406333923,0.5634586811065674,0.015114198438823223,0.1451704055070877,22,0.743981122970581,0.5554178357124329,-0.12224497646093369,0.32225602865219116,23,0.7164037823677063,0.570448100566864,-0.029769577085971832,0.9965145587921143,24,0.7570239901542664,0.5667930245399475,0.030217574909329414,0.9958256483078003,25,0.7403939962387085,0.6791447401046753,-0.03303110972046852,0.5404521226882935,26,0.7656115293502808,0.6862355470657349,0.0708385705947876,0.6541861891746521,27,0.7463033199310303,0.8018827438354492,0.03978617489337921,0.5853918194770813,28,0.7629461288452148,0.8006554245948792,0.15359508991241455,0.6875002384185791,29,0.7487167716026306,0.8153636455535889,0.04252609238028526,0.6466341018676758,30,0.7638500928878784,0.8166093826293945,0.15887144207954407,0.6897733807563782,31,0.7440077066421509,0.8160906434059143,-0.04017791897058487,0.5486810207366943,32,0.7476934790611267,0.8201619386672974,0.08090469986200333,0.6327444314956665
59,0,0.7273859977722168,0.3544444739818573,0.19437038898468018,0.987706184387207,1,0.724123477935791,0.3464012145996094,0.13697241246700287,0.9880697131156921,2,0.7212647795677185,0.3466738164424896,0.1369575709104538,0.9855825901031494,3,0.7183704376220703,0.3471134305000305,0.13679999113082886,0.9869055151939392,4,0.7326053380966187,0.3456408977508545,0.14083385467529297,0.9870439171791077,5,0.7357142567634583,0.34536653757095337,0.14081774652004242,0.9850398898124695,6,0.7391291856765747,0.3452320396900177,0.14057201147079468,0.9862785935401917,7,0.7158612012863159,0.3516862392425537,0.01354669127613306,0.9800765514373779,8,0.7419392466545105,0.34960827231407166,0.027004744857549667,0.9851000308990479,9,0.7236021161079407,0.362013041973114,0.13340193033218384,0.9863519668579102,10,0.7321762442588806,0.36197203397750854,0.1316731572151184,0.986581027507782,11,0.6992465257644653,0.4056052267551422,-0.06139180064201355,0.9962181448936462,12,0.7482349276542664,0.40279385447502136,0.02090419828891754,0.9959095120429993,13,0.7003589272499084,0.47955837845802307,-0.04384071007370949,0.24401259422302246,14,0.770715057849884,0.4765360951423645,-0.018178274855017662,0.48702317476272583,15,0.7210345268249512,0.5139499306678772,0.03377164155244827,0.14181256294250488,16,0.7518886923789978,0.5159198641777039,-0.06293436884880066,0.35337361693382263,17,0.7263246774673462,0.5244646072387695,0.031139416620135307,0.13850000500679016,18,0.7532714009284973,0.5297403931617737,-0.06854768097400665,0.3353596329689026,19,0.7352752089500427,0.5193195939064026,0.028333352878689766,0.13846221566200256,20,0.743752658367157,0.5293430089950562,-0.07740230113267899,0.32501420378685,21,0.7349755167961121,0.5154004096984863,0.03229295462369919,0.13474123179912567,22,0.7415363788604736,0.5240334272384644,-0.07035735994577408,0.2965409457683563,23,0.7186292409896851,0.5684608817100525,-0.07387547940015793,0.9964850544929504,24,0.7543706893920898,0.5603557229042053,0.0738261491060257,0.9949312210083008,25,0.7375344634056091,0.6727290153503418,-0.030282359570264816,0.5749871730804443,26,0.7564258575439453,0.6546881198883057,0.19733844697475433,0.6126606464385986,27,0.7570605874061584,0.7809903621673584,0.049101535230875015,0.602277398109436,28,0.7604631185531616,0.7478805780410767,0.34451669454574585,0.6506214141845703,29,0.7678345441818237,0.7935082912445068,0.05506565421819687,0.6610777974128723,30,0.7751163244247437,0.7657532691955566,0.35811516642570496,0.6705204248428345,31,0.7370073199272156,0.8008729219436646,-0.02359849587082863,0.5401627421379089,32,0.7465453147888184,0.7722315192222595,0.3076785206794739,0.5924296975135803
